participant,free_texts,feedback,fertility_score,trial_stop_time,testing_image_order,testing_responses,training_categories,training_feet,training_stripes,testing_categories,conditionOrder,training_image_order,attention_check,cogpro_predict,cogpro_explain,stimuli_clicks,reference_clicks,relevant_dim,irrelevant_dim,feet_high,stripes_low,stripes_high,feet_low,feet_discrete_slider.response,feet_direction_slider.response,feet_continuous_slider.response,stripes_discrete_slider.response,stripes_direction_slider.response,stripes_continuous_slider.response
018,"['smaller feet', 'pattern of lines', 'pattern of lines less desirable, larger feet more desirable.', 'larger feet and better line pattern\xa0', 'small feet and worse line pattern', 'worse line pattern, better feet', 'bigger feet', 'better lines, smaller feet, greener food']",[],"[1.0, 10.0, 4.0, 9.0, 2.0, 3.0, 7.0, 8.0]",368.3893,"['E_F', 'W_C', 'E_C', 'W_F']","[2.0, 10.0, 4.0, 6.0]","['low', 'high', 'low', 'high', 'low', 'low', 'high', 'high']","['F', 'F', 'C', 'C', 'F', 'C', 'C', 'F']","['E', 'W', 'E', 'W', 'E', 'E', 'W', 'W']","['low', 'high', 'low', 'high']",18,"['E_F', 'W_F', 'E_C', 'W_C', 'E_F', 'E_C', 'W_C', 'W_F']",1,7.0,5.0,3.0,"[0.0, 0.0, 0.0, 0.0, 0.0, 1.0, 1.0, 1.0]",stripes,feet,C,E,W,F,Yes, Curved/Pointy,6.0,Yes,Up/Left,7.0
006,"['It had 2 surviving offspring', 'It had 7 surviving offspring\xa0', 'It had 6 surviving offspring\xa0', 'It had 5 surviving offspring\xa0', 'It had 5 surviving offspring\xa0', 'It had 8 surviving offspring\xa0', 'It had 3 surviving offspring\xa0', 'It had 9 surviving offspring\xa0']",['I saw no other differences between the reptiles'],"[2.0, 7.0, 6.0, 5.0, 5.0, 8.0, 3.0, 9.0]",529.1989,"['E_F', 'W_C', 'E_C', 'W_F']","[6.0, 1.0, 7.0, 3.0]","['low', 'low', 'high', 'high', 'low', 'high', 'low', 'high']","['C', 'F', 'F', 'C', 'F', 'C', 'C', 'F']","['E', 'E', 'W', 'W', 'E', 'W', 'E', 'W']","['low', 'high', 'low', 'high']",6,"['E_C', 'E_F', 'W_F', 'W_C', 'E_F', 'W_C', 'E_C', 'W_F']",1,3.0,1.0,10.0,"[3.0, 1.0, 1.0, 1.0, 1.0, 1.0, 1.0, 3.0]",stripes,feet,F,E,W,C,Yes, Curved/Pointy,3.0,Yes,Up/Left,5.0
039,"['It’s the biggest one', 'It is the smallest one', 'It has different size eyes', 'It also has different size eyes', 'It it bigger than the rest', 'It looks healthy', 'It has all its limbs']",[],"[9.0, 3.0, 3.0, 2.0, 2.0, 4.0, 7.0, 6.0]",253.519,"['W_F', 'W_C', 'E_F', 'E_C']","[4.0, 10.0, 5.0, 4.0]","['high', 'low', 'high', 'low', 'low', 'low', 'high', 'high']","['F', 'C', 'F', 'C', 'C', 'C', 'F', 'F']","['W', 'W', 'E', 'E', 'E', 'W', 'W', 'E']","['high', 'low', 'high', 'low']",39,"['W_F', 'W_C', 'E_F', 'E_C', 'E_C', 'W_C', 'W_F', 'E_F']",1,1.0,1.0,0.0,"[0.0, 0.0, 0.0, 0.0, 0.0, 0.0, 0.0, 0.0]",feet,stripes,F,E,W,C,No,,,No,,
031,"['Less fertile because of season', 'Higher score because season is more favorable', 'Webbed feet and horizontal stripes makes them stand out which make them way more fertile', 'Fertility is standard with the current season.', 'The season makes them less fertile', 'The horizontal stripes and feet make them more fertile', 'The season makes them less fertile', 'The webbed feet makes them more fertile\xa0']",[],"[3.0, 5.0, 10.0, 6.0, 4.0, 7.0, 3.0, 6.0]",311.919,"['E_F', 'E_C', 'W_C', 'W_F']","[6.0, 9.0, 4.0, 3.0]","['low', 'low', 'high', 'high', 'high', 'low', 'low', 'high']","['C', 'C', 'F', 'F', 'F', 'C', 'C', 'F']","['E', 'W', 'W', 'E', 'W', 'W', 'E', 'E']","['high', 'low', 'low', 'high']",31,"['E_C', 'W_C', 'W_F', 'E_F', 'W_F', 'W_C', 'E_C', 'E_F']",1,6.0,6.0,8.0,"[1.0, 1.0, 1.0, 1.0, 1.0, 1.0, 1.0, 1.0]",feet,stripes,F,E,W,C,Yes, Curved/Pointy,5.0,Yes,Up/Left,5.0
014,"[""He doesn't have webbed feet."", 'He has webbed feet', 'He has somewhat webbed feet', ""He doesn't have webbed feet"", 'He has individual digits', 'He has webbed feet', 'He has webbed feet', 'He has individual toes']",[],"[8.0, 2.0, 8.0, 1.0, 5.0, 4.0, 2.0, 6.0]",165.082,"['E_F', 'E_C', 'W_C', 'W_F']","[3.0, 7.0, 8.0, 4.0]","['high', 'low', 'high', 'low', 'high', 'high', 'low', 'low']","['C', 'F', 'F', 'C', 'C', 'F', 'F', 'C']","['W', 'E', 'W', 'E', 'W', 'W', 'E', 'E']","['low', 'low', 'high', 'high']",14,"['W_C', 'E_F', 'W_F', 'E_C', 'W_C', 'W_F', 'E_F', 'E_C']",1,6.0,5.0,1.0,"[2.0, 0.0, 0.0, 0.0, 0.0, 0.0, 0.0, 0.0]",stripes,feet,C,E,W,F,Yes, Curved/Pointy,6.0,No,,
012,['They all look the same\xa0'],"['It was very hard to zoom and see the frogs in this, the study also had no back button so when trying to examine the frogs it would move to the next question. I feel if there was a back button I would have been able to complete this with ease.']","[9.0, 2.0, 3.0, 7.0, 10.0, 1.0, 8.0, 4.0]",193.92,"['E_F', 'E_C', 'W_F', 'W_C']","[3.0, 5.0, 4.0, 5.0]","['high', 'low', 'low', 'high', 'high', 'low', 'high', 'low']","['C', 'F', 'C', 'F', 'C', 'F', 'F', 'C']","['E', 'W', 'W', 'E', 'E', 'W', 'E', 'W']","['high', 'high', 'low', 'low']",12,"['E_C', 'W_F', 'W_C', 'E_F', 'E_C', 'W_F', 'E_F', 'W_C']",1,7.0,2.0,3.0,"[1.0, 0.0, 0.0, 0.0, 0.0, 0.0, 2.0, 1.0]",stripes,feet,C,W,E,F,Yes,Webbed,4.0,No,,
028,"['The reptile has thin stripes', 'Stripes go further down body', 'This reptile is lighter in color', 'This reptile is darker and thicker with stripes\xa0', 'It seems the darker the stripes on the reptile, the more fertile.\xa0', 'Lighter in color and less stripes than others', 'Darker and more stripes that 1', 'Even more stripes']",['Honestly I saw more or less stripes. I did not notice that they were going in different directions'],"[1.0, 9.0, 4.0, 7.0, 9.0, 1.0, 4.0, 8.0]",340.241,"['W_F', 'E_F', 'E_C', 'W_C']","[1.0, 8.0, 9.0, 4.0]","['low', 'high', 'low', 'high', 'high', 'low', 'low', 'high']","['C', 'C', 'F', 'F', 'C', 'F', 'C', 'F']","['W', 'E', 'W', 'E', 'E', 'W', 'W', 'E']","['low', 'high', 'high', 'low']",28,"['W_C', 'E_C', 'W_F', 'E_F', 'E_C', 'W_F', 'W_C', 'E_F']",1,7.0,7.0,2.0,"[1.0, 0.0, 0.0, 0.0, 0.0, 1.0, 0.0, 0.0]",stripes,feet,C,W,E,F,No,,,No,,
016,"[""This reptile's low fertility is likely due to its pale,easily spotted coloration and its small thin body suggesting low energy."", ""This reptile's high fertility is likely due to its dark,well camouflaged coloration and its robust body condition indicating good healthy and energy available for reproduction"", ""The reptile's moderately low fertility due to its smaller leaner body and its less distinct banding pattern even though its dark coloration provides reasonable camouflage."", 'High fertility by its dark,clearly banded coloration and its robust body condition for producing and caring for offspring.', 'Low fertility because of its dark banded coloration and robust body\xa0', 'Despite good camouflage and robust body,that breeding season likely had intermediate environmental condition such as moderate food suply', 'Environmental conditions were average or mixed', 'seasonal variability in food and predators,weather and disease can dramatically lowe actual fertility']",[],"[1.0, 7.0, 4.0, 7.0, 4.0, 6.0, 5.0, 2.0]",935.4687,"['W_C', 'E_C', 'W_F', 'E_F']","[2.0, 7.0, 4.0, 8.0]","['low', 'high', 'low', 'high', 'low', 'high', 'high', 'low']","['F', 'C', 'C', 'F', 'C', 'F', 'C', 'F']","['W', 'E', 'W', 'E', 'W', 'E', 'E', 'W']","['low', 'high', 'low', 'high']",16,"['W_F', 'E_C', 'W_C', 'E_F', 'W_C', 'E_F', 'E_C', 'W_F']",0,5.0,6.0,0.0,"[0.0, 0.0, 0.0, 0.0, 0.0, 0.0, 0.0, 0.0]",stripes,feet,C,W,E,F,No,,,No,,
017,"['This reptile is highly fertile and produced 7 offspring.', 'The reptile is highly fertile and produced 7 offspring', 'The strip pattern indicates high fertility', 'The stripe patter indicates lower fertility', 'Vertical stripe reptiles have higher fertility', 'Horizontal stripe reptils have higher fertility', 'Reptiles with vertical stripes appear to have low fertility', 'The horizontal stripe pattern indicates somewhat high fertility rates']",['Thought provoking'],"[7.0, 7.0, 8.0, 5.0, 7.0, 8.0, 3.0, 6.0]",508.6715,"['E_C', 'W_C', 'W_F', 'E_F']","[8.0, 5.0, 4.0, 7.0]","['low', 'high', 'high', 'low', 'high', 'high', 'low', 'low']","['F', 'C', 'C', 'F', 'C', 'C', 'F', 'F']","['W', 'E', 'W', 'E', 'E', 'W', 'E', 'W']","['high', 'high', 'low', 'low']",17,"['W_F', 'E_C', 'W_C', 'E_F', 'E_C', 'W_C', 'E_F', 'W_F']",1,5.0,4.0,7.0,"[1.0, 0.0, 1.0, 1.0, 1.0, 1.0, 1.0, 1.0]",feet,stripes,C,E,W,F,No,,,Yes, Up/Right,6.0
037,"['low breeding', 'high breeding', 'high breeding', 'medium breeding', 'medium breeding', 'high breeding', 'high breeding', 'low breeding']",[],"[1.0, 6.0, 9.0, 5.0, 5.0, 8.0, 9.0, 2.0]",194.9127,"['W_C', 'E_F', 'W_F', 'E_C']","[8.0, 2.0, 5.0, 9.0]","['low', 'high', 'high', 'low', 'low', 'high', 'high', 'low']","['F', 'C', 'C', 'F', 'F', 'C', 'C', 'F']","['E', 'W', 'E', 'W', 'W', 'W', 'E', 'E']","['high', 'low', 'low', 'high']",37,"['E_F', 'W_C', 'E_C', 'W_F', 'W_F', 'W_C', 'E_C', 'E_F']",1,6.0,6.0,0.0,"[0.0, 0.0, 0.0, 0.0, 0.0, 0.0, 0.0, 0.0]",feet,stripes,C,E,W,F,Yes, Curved/Pointy,6.0,No,,
003,"['Maybe because the line pattern is different than others.', 'Maybe because the line pattern is facing a different direction from others.', 'The line pattern direction is different from others.', 'Line pattern direction is different from others.', 'Maybe because the breeding seasons might be different.', 'This line pattern used to have a higher fertility score, so maybe this is at a different breeding season.', 'This is the same line pattern direction and score from last one.', 'I think this is definitely depends on breeding seasons.']",['I did not see at the beginning. But during the comparison I also realized the leaf sizes are different. So maybe environment also a factor.'],"[6.0, 8.0, 6.0, 8.0, 2.0, 5.0, 5.0, 8.0]",284.926,"['E_F', 'W_C', 'W_F', 'E_C']","[6.0, 8.0, 6.0, 8.0]","['low', 'low', 'high', 'high', 'low', 'high', 'low', 'high']","['C', 'C', 'F', 'F', 'C', 'F', 'C', 'F']","['W', 'E', 'W', 'E', 'W', 'E', 'E', 'W']","['high', 'low', 'high', 'low']",3,"['W_C', 'E_C', 'W_F', 'E_F', 'W_C', 'E_F', 'E_C', 'W_F']",0,5.0,5.0,6.0,"[0.0, 1.0, 1.0, 1.0, 1.0, 0.0, 1.0, 1.0]",feet,stripes,F,W,E,C,No,,,Yes, Up/Right,7.0
025,"['The reptile was moderately fertile', 'The reptile was low in fertility', 'The reptile was a little fertile', 'The reptile was somewhat fertile', 'The reptile was little fertile', 'The reptile had low fertility', 'The fertile was much fertile', 'The reptile was a little fertile.']",['There were no differences that I thought could matter about fertility.'],"[7.0, 2.0, 3.0, 6.0, 4.0, 2.0, 10.0, 3.0]",351.7772,"['E_F', 'W_F', 'E_C', 'W_C']","[9.0, 2.0, 3.0, 4.0]","['high', 'low', 'low', 'high', 'high', 'low', 'high', 'low']","['C', 'F', 'F', 'C', 'C', 'F', 'C', 'F']","['W', 'E', 'W', 'E', 'E', 'E', 'W', 'W']","['low', 'low', 'high', 'high']",25,"['W_C', 'E_F', 'W_F', 'E_C', 'E_C', 'E_F', 'W_C', 'W_F']",0,6.0,5.0,5.0,"[2.0, 2.0, 0.0, 1.0, 1.0, 2.0, 0.0, 0.0]",feet,stripes,C,E,W,F,No,,,No,,
009,"['This reptile has different feet compared to the other reptiles on the bottom.', 'This reptile has different feet and stripes that go in the other direction.', 'The size of this reptile look bigger than the one on the bottom plus is has pointer feet.', 'This one has more rounded feet and has a smaller leaf.']",[],"[7.0, 6.0, 8.0, 1.0, 5.0, 5.0, 6.0, 6.0]",534.6947,"['W_F', 'W_C', 'E_C', 'E_F']","[5.0, 5.0, 8.0, 6.0]","['high', 'low', 'high', 'low', 'high', 'low', 'low', 'high']","['C', 'F', 'C', 'F', 'C', 'F', 'F', 'C']","['W', 'E', 'E', 'W', 'W', 'W', 'E', 'E']","['low', 'high', 'high', 'low']",9,"['W_C', 'E_F', 'E_C', 'W_F', 'W_C', 'W_F', 'E_F', 'E_C']",0,4.0,5.0,4.0,"[1.0, 1.0, 1.0, 1.0, 0.0, 0.0, 0.0, 0.0]",feet,stripes,C,W,E,F,No,,,Yes, Up/Right,6.0
013,"['the number of stripes it has', 'the lighter shade of green', 'more shadows', 'wide eyes', 'dark stripes', 'yellow eyes', 'light lines', 'lighter green']",['no'],"[7.0, 3.0, 6.0, 2.0, 8.0, 10.0, 2.0, 4.0]",190.1955,"['E_F', 'W_C', 'E_C', 'W_F']","[7.0, 4.0, 4.0, 8.0]","['high', 'low', 'high', 'low', 'high', 'high', 'low', 'low']","['C', 'F', 'C', 'F', 'C', 'C', 'F', 'F']","['W', 'W', 'E', 'E', 'E', 'W', 'W', 'E']","['low', 'high', 'high', 'low']",13,"['W_C', 'W_F', 'E_C', 'E_F', 'E_C', 'W_C', 'W_F', 'E_F']",1,6.0,6.0,0.0,"[0.0, 0.0, 0.0, 0.0, 0.0, 0.0, 0.0, 0.0]",feet,stripes,C,E,W,F,No,,,No,,
004,"['Toes close together and lighter chest', 'Toes wide and lighter chest', 'Toes wide and lighter chest', 'Toes close and lighter chest', 'Toes close, left slant lines', 'Toes wide, left slant', 'Toes close, right slant', 'Toes wide, right slant']",['I thought the chests had slightly lighter or darker color'],"[5.0, 7.0, 2.0, 6.0, 2.0, 3.0, 9.0, 8.0]",332.571,"['E_C', 'E_F', 'W_C', 'W_F']","[8.0, 8.0, 3.0, 5.0]","['low', 'high', 'low', 'high', 'low', 'low', 'high', 'high']","['F', 'C', 'C', 'F', 'F', 'C', 'F', 'C']","['W', 'E', 'W', 'E', 'W', 'W', 'E', 'E']","['high', 'high', 'low', 'low']",4,"['W_F', 'E_C', 'W_C', 'E_F', 'W_F', 'W_C', 'E_F', 'E_C']",0,6.0,6.0,5.0,"[1.0, 1.0, 1.0, 1.0, 1.0, 0.0, 0.0, 0.0]",stripes,feet,F,W,E,C,Yes,Webbed,4.0,Yes, Up/Right,6.0
033,"['Horizonal stripes', 'Vertical stripes', 'horizonal stripes', 'vertical stripes', 'vertical stripes', 'vertical stripes', 'horizonal stripes', 'horizonal stripes']","[""I don't feel like this was explained very well. The reptiles looked too similar.\xa0""]","[3.0, 5.0, 4.0, 7.0, 3.0, 9.0, 8.0, 4.0]",185.0703,"['E_C', 'W_F', 'E_F', 'W_C']","[7.0, 4.0, 6.0, 6.0]","['high', 'low', 'low', 'high', 'low', 'high', 'high', 'low']","['C', 'F', 'F', 'C', 'F', 'C', 'C', 'F']","['W', 'E', 'W', 'E', 'E', 'E', 'W', 'W']","['high', 'low', 'low', 'high']",33,"['W_C', 'E_F', 'W_F', 'E_C', 'E_F', 'E_C', 'W_C', 'W_F']",1,1.0,1.0,2.0,"[3.0, 0.0, 0.0, 0.0, 0.0, 0.0, 0.0, 0.0]",feet,stripes,C,W,E,F,No,,,No,,
012,"['stripes sitting at 7 - 9 fertility', 'stripes sitting at 4 - 2 fertility', 'stripes sitting at 4 - 3 fertility', '7 fertility\xa0', 'sitting at 7 - 10 fertility\xa0', 'sitting at 4 - 1 fertility\xa0', '8 fertility\xa0', '4 fertility\xa0']","['just the stripes and the feet, everything else seemed to be exactly the same\xa0']","[9.0, 2.0, 3.0, 7.0, 10.0, 1.0, 8.0, 4.0]",289.2604,"['E_F', 'E_C', 'W_F', 'W_C']","[9.0, 8.0, 3.0, 2.0]","['high', 'low', 'low', 'high', 'high', 'low', 'high', 'low']","['C', 'F', 'C', 'F', 'C', 'F', 'F', 'C']","['E', 'W', 'W', 'E', 'E', 'W', 'E', 'W']","['high', 'high', 'low', 'low']",12,"['E_C', 'W_F', 'W_C', 'E_F', 'E_C', 'W_F', 'E_F', 'W_C']",1,5.0,6.0,3.0,"[2.0, 0.0, 1.0, 2.0, 0.0, 0.0, 0.0, 0.0]",stripes,feet,C,W,E,F,No,,,Yes, Up/Right,6.0
001,"['Vertical stripes and a bigger leaf to eat', 'Horizontal stripes and big leaf', 'Vertical stripes and small leaf', 'Vertical stripes and small leaf', 'horizontal stripes and small leaf', 'vertical stripes and big leaf', 'horizontal stripes and big food', 'vertical stripes and smaller food']",['The size of the leaf next to their feet'],"[7.0, 5.0, 2.0, 5.0, 5.0, 7.0, 6.0, 5.0]",235.083,"['W_C', 'E_C', 'W_F', 'E_F']","[5.0, 7.0, 4.0, 5.0]","['high', 'high', 'low', 'low', 'low', 'high', 'high', 'low']","['C', 'C', 'F', 'F', 'F', 'C', 'C', 'F']","['E', 'W', 'W', 'E', 'W', 'E', 'W', 'E']","['high', 'high', 'low', 'low']",1,"['E_C', 'W_C', 'W_F', 'E_F', 'W_F', 'E_C', 'W_C', 'E_F']",1,7.0,4.0,3.0,"[1.0, 1.0, 0.0, 0.0, 1.0, 0.0, 0.0, 0.0]",feet,stripes,C,W,E,F,No,,,Yes, Up/Right,5.0
036,"['This reptile could be a frequent breeder, so they know their own patterns best and are able to regulate fertility. Their stripes appear to be slightly darker than the others, and are a different direction.', 'the swollen right eye with a dark ring is an indicator of fertility.\xa0', 'The stripes are going the opposite way of the first reptile, that could mean they are less fertile than the first one.\xa0', ""I'm beginning to see that the ones having these stripes have more offspring than the other two."", 'Again, the ones with these directional stripes have fewer offspring.', 'This one has rounded toes, which could also mean increased offspring.\xa0', 'Rounded toes and this stripe direction could mean a superior fertility season.', 'This one is the highest rated of all, and this stripe pattern has consistently shown higher numbers, except once.\xa0']","[""Interesting study, thank you. I also looked for indicators of captivity, thinking that could have an effect on their reproduction, and I noticed the sticks they were perched on were all different in color, but it wasn't a consistent indicator as to whether or not they were in the wild. I also wondered about the different foliage in each picture, to see if one was fall or spring, but the pics didn't really yield any info re: that.\xa0""]","[9.0, 4.0, 4.0, 6.0, 4.0, 6.0, 7.0, 10.0]",829.023,"['E_C', 'E_F', 'W_C', 'W_F']","[10.0, 6.0, 4.0, 7.0]","['high', 'low', 'low', 'high', 'low', 'low', 'high', 'high']","['F', 'C', 'F', 'C', 'C', 'F', 'F', 'C']","['E', 'W', 'W', 'E', 'W', 'W', 'E', 'E']","['high', 'high', 'low', 'low']",36,"['E_F', 'W_C', 'W_F', 'E_C', 'W_C', 'W_F', 'E_F', 'E_C']",1,7.0,5.0,8.0,"[1.0, 1.0, 1.0, 1.0, 1.0, 1.0, 1.0, 1.0]",stripes,feet,F,W,E,C,Yes, Curved/Pointy,4.0,Yes, Up/Right,5.0
011,"['The reptiles seem to have a similar healthy appearance.\xa0', 'One of the reptiles is slightly larger than the other and a slightly different coloration.', 'It appears one reptile is slightly larger than the rest and another, has slightly different color depth.', 'Two patterns of stripes and two pairs of halthy reptiles with only slight difference in size maybe with one pair.', 'the eyes between the two pairs, seem to differ. Reptiles on left side seem to have yellow color, with bottom right corner seems to be individually smaller than the rest.', 'Slightly larger eyes to reptile in the top right corner.', 'Do not see any indications of any issues. Probably explains the high score.', 'topright corner; reptile appears to have slightly larger eyes. bottom right corner; reptile seems to have slightly smaller features.']","['There was an attention question asking i think whatb the survey was about and might have clicked wrong choice there,\xa0good study, thankyou']","[9.0, 4.0, 6.0, 9.0, 6.0, 4.0, 10.0, 5.0]",1147.6945,"['W_C', 'E_C', 'E_F', 'W_F']","[4.0, 6.0, 7.0, 3.0]","['high', 'low', 'low', 'high', 'high', 'low', 'high', 'low']","['F', 'C', 'C', 'F', 'F', 'C', 'F', 'C']","['E', 'W', 'E', 'W', 'W', 'E', 'E', 'W']","['low', 'low', 'high', 'high']",11,"['E_F', 'W_C', 'E_C', 'W_F', 'W_F', 'E_C', 'E_F', 'W_C']",0,7.0,7.0,8.0,"[1.0, 1.0, 1.0, 1.0, 1.0, 1.0, 1.0, 1.0]",feet,stripes,F,W,E,C,Yes, Curved/Pointy,6.0,Yes, Up/Right,4.0
026,"['9', '8\xa0', '5', '10', '5', '7', '4']",['It was an interesting study.'],"[5.0, 9.0, 8.0, 5.0, 10.0, 5.0, 7.0, 4.0]",203.341,"['W_F', 'E_F', 'E_C', 'W_C']","[6.0, 7.0, 7.0, 7.0]","['low', 'high', 'low', 'high', 'high', 'low', 'high', 'low']","['C', 'F', 'F', 'C', 'C', 'C', 'F', 'F']","['E', 'W', 'E', 'W', 'W', 'E', 'W', 'E']","['high', 'low', 'low', 'high']",26,"['E_C', 'W_F', 'E_F', 'W_C', 'W_C', 'E_C', 'W_F', 'E_F']",0,6.0,5.0,0.0,"[0.0, 0.0, 0.0, 0.0, 0.0, 0.0, 0.0, 0.0]",stripes,feet,F,E,W,C,Yes, Curved/Pointy,4.0,Yes,Up/Left,5.0
007,"['Likely created offspring that did not blend well with the surrounding environment, so was vulnerable to preditors.', 'Angle of the stripes may better\xa0mimic the look of rays of sunlight that come through the trees and land on the ground, making the offspring blend better.', ""I would imagine in most of these situations, it's all about the offspring not being eaten by predators, so it has to have something to do with the pattern of the stripes."", 'The foliage of the environment may have changed and the stripes no longer blend in well.', 'An invasive species of plant has moved into the region and has made this pattern better at helping with survival.', 'The thin green stripes make it more vulnerable.\xa0 Most of the surrounding foliage is very green, so having less green on your body makes you a target for predators.', 'Less dark green and more light green makes them more vulnerable to predators.', 'More vegetation has disappeared and allowing more sunlight to penetrate to the ground and making the lighter green better at blending in with the sunlit surface.']",[],"[4.0, 8.0, 9.0, 4.0, 5.0, 1.0, 1.0, 10.0]",541.1143,"['W_F', 'E_C', 'E_F', 'W_C']","[2.0, 9.0, 7.0, 2.0]","['low', 'high', 'high', 'low', 'high', 'low', 'low', 'high']","['C', 'F', 'F', 'C', 'F', 'C', 'C', 'F']","['W', 'E', 'W', 'E', 'E', 'E', 'W', 'W']","['high', 'low', 'high', 'low']",7,"['W_C', 'E_F', 'W_F', 'E_C', 'E_F', 'E_C', 'W_C', 'W_F']",0,7.0,7.0,0.0,"[0.0, 0.0, 0.0, 0.0, 0.0, 0.0, 0.0, 0.0]",feet,stripes,F,E,W,C,No,,,No,,
005,"['He was born bigger than the majority of reptiles..and that provided increased fertility\xa0', 'It was malnourished at the beginning of its life', 'Has different type of genetics so stripes are different\xa0', 'Type of reptile which has inferior genes', 'It had the inferior genetics aswell\xa0', 'It had betrer genes due to a different father', 'Of reptile which has a different father and has a different stripes Type\xa0', 'This one is strange.\xa0 Maybe had different father']",['Nope'],"[10.0, 3.0, 6.0, 4.0, 4.0, 7.0, 8.0, 8.0]",658.56,"['E_C', 'W_C', 'W_F', 'E_F']","[8.0, 3.0, 4.0, 7.0]","['high', 'low', 'high', 'low', 'low', 'high', 'low', 'high']","['C', 'F', 'C', 'F', 'F', 'C', 'F', 'C']","['E', 'E', 'W', 'W', 'W', 'E', 'E', 'W']","['high', 'high', 'low', 'low']",5,"['E_C', 'E_F', 'W_C', 'W_F', 'W_F', 'E_C', 'E_F', 'W_C']",1,5.0,7.0,13.0,"[6.0, 1.0, 5.0, 1.0, 1.0, 4.0, 1.0, 1.0]",feet,stripes,C,W,E,F,No,,,Yes,Up/Left,6.0
040,"['The reason is because they have vertical stripes.', 'It is because they have horizontal stripes', 'Because the stripes were not clearly distinguished as horizontal or vertical.\xa0', 'Because they have vertical system.', 'Because of the horizontal stripes.', 'because of the webbed feet.', 'because of the non webbed feet.', 'because of the dark vertical stripes.']",[],"[8.0, 3.0, 5.0, 8.0, 1.0, 3.0, 6.0, 4.0]",527.9246,"['E_F', 'E_C', 'W_C', 'W_F']","[5.0, 8.0, 7.0, 7.0]","['high', 'low', 'low', 'high', 'low', 'high', 'low', 'high']","['F', 'F', 'C', 'C', 'F', 'F', 'C', 'C']","['E', 'W', 'W', 'E', 'W', 'E', 'W', 'E']","['high', 'high', 'low', 'low']",40,"['E_F', 'W_F', 'W_C', 'E_C', 'W_F', 'E_F', 'W_C', 'E_C']",1,3.0,7.0,3.0,"[1.0, 0.0, 0.0, 0.0, 0.0, 1.0, 0.0, 1.0]",stripes,feet,C,W,E,F,Yes, Curved/Pointy,7.0,No,,
038,"['the reptile is middle of the pack when it comes to fertility.', 'the reptile has left stripes and short fingers', 'the reptile has left stripes', 'the reptile has right stripes and short fingers', 'the reptile has left stripes', 'the reptile has right stripes and long fingers', 'the reptile has right stripes and short fingers', 'the reptile has left stripes and long fingers']",['none'],"[5.0, 8.0, 8.0, 1.0, 8.0, 5.0, 3.0, 5.0]",166.8066,"['W_F', 'E_C', 'W_C', 'E_F']","[7.0, 5.0, 9.0, 3.0]","['low', 'high', 'high', 'low', 'high', 'low', 'low', 'high']","['C', 'F', 'C', 'F', 'F', 'C', 'F', 'C']","['E', 'W', 'W', 'E', 'W', 'E', 'E', 'W']","['high', 'low', 'high', 'low']",38,"['E_C', 'W_F', 'W_C', 'E_F', 'W_F', 'E_C', 'E_F', 'W_C']",1,7.0,7.0,0.0,"[0.0, 0.0, 0.0, 0.0, 0.0, 0.0, 0.0, 0.0]",stripes,feet,C,E,W,F,Yes, Curved/Pointy,2.0,Yes,Up/Left,7.0
019,"[""I don't understand"", 'what is happening?', 'instructions unclear']",['the instructions were unclear. you should dhave just said its a stupid matching game.'],"[8.0, 10.0, 4.0, 2.0, 5.0, 10.0, 6.0, 3.0]",177.5353,"['W_F', 'E_F', 'E_C', 'W_C']","[1.0, 1.0, 1.0, 1.0]","['high', 'high', 'low', 'low', 'low', 'high', 'high', 'low']","['F', 'F', 'C', 'C', 'C', 'F', 'F', 'C']","['W', 'E', 'W', 'E', 'W', 'E', 'W', 'E']","['high', 'high', 'low', 'low']",19,"['W_F', 'E_F', 'W_C', 'E_C', 'W_C', 'E_F', 'W_F', 'E_C']",1,1.0,1.0,8.0,"[3.0, 1.0, 1.0, 1.0, 1.0, 1.0, 1.0, 0.0]",feet,stripes,F,W,E,C,No,,,No,,
035,"['Unknown at this point.', ""I don't know why no info why is provided."", ""Maybe the stripes on the reptile's back affect fertility."", 'This type of reptile has short toes and stripes that angle to the right top to bottom.', 'This reptile has the same features as the last reptile that scored a 10 in fertility. But this season is only a 9 due to natural variation.', 'Hmm, I suppose the longer toes this season reduced fertility somehow?', 'Now the features that originally gave the reptile 10 fertility only give a 5 score. Perhaps the environment changed.', 'Now the environment favors the features of this reptile.']","[""I noticed the leaf next to the reptile varied in size between small and large but was unclear if this affected fertility as it was not part of the reptile's body. Of course environmental factors will influence fertility as well. And these factors can change and quickly favor individuals with totally different characteristics between seasons.""]","[5.0, 6.0, 5.0, 10.0, 9.0, 3.0, 5.0, 9.0]",490.188,"['W_C', 'W_F', 'E_F', 'E_C']","[2.0, 5.0, 9.0, 5.0]","['low', 'high', 'low', 'high', 'high', 'low', 'low', 'high']","['C', 'F', 'C', 'F', 'F', 'C', 'C', 'F']","['W', 'E', 'E', 'W', 'W', 'W', 'E', 'E']","['low', 'high', 'high', 'low']",35,"['W_C', 'E_F', 'E_C', 'W_F', 'W_F', 'W_C', 'E_C', 'E_F']",1,4.0,7.0,22.0,"[13.0, 11.0, 1.0, 3.0, 5.0, 1.0, 2.0, 1.0]",feet,stripes,F,E,W,C,Yes,Webbed,4.0,Yes, Up/Right,4.0
029,"['This is because it has more reproduction features.\xa0 \xa0 \xa0 \xa0 \xa0 \xa0 \xa0 \xa0 \xa0 \xa0 \xa0 \xa0 \xa0 \xa0 \xa0 \xa0 \xa0 \xa0 \xa0 \xa0 \xa0 \xa0 \xa0 \xa0', ""This is because of it's appearance."", 'It seems to be less fertile.', 'This is because the fertility depends on the weather around the animal.', 'This is because it produced 4 offsprings.', 'This is because the number of offsprings does not match.', 'This is because it has high fertility.', 'The weather determined it.']",[],"[9.0, 9.0, 5.0, 5.0, 4.0, 1.0, 8.0, 8.0]",528.9447,"['E_C', 'W_F', 'W_C', 'E_F']","[7.0, 4.0, 4.0, 9.0]","['high', 'high', 'low', 'low', 'low', 'low', 'high', 'high']","['C', 'C', 'F', 'F', 'F', 'F', 'C', 'C']","['W', 'E', 'E', 'W', 'W', 'E', 'W', 'E']","['high', 'low', 'high', 'low']",29,"['W_C', 'E_C', 'E_F', 'W_F', 'W_F', 'E_F', 'W_C', 'E_C']",1,5.0,6.0,4.0,"[0.0, 0.0, 0.0, 0.0, 1.0, 1.0, 1.0, 1.0]",feet,stripes,C,E,W,F,No,,,Yes,Up/Left,5.0
010,"['This is an average reptile with average fertility', 'This reptile is average size with vertical stripes', 'This reptile is average size with vertical stripes', 'This reptile is average size with vertical strips to the left', 'This reptile has vertical stripes leaning left', 'This reptile has vertical stripes left leaning', 'This reptile has right leaning vertical stripes', 'This reptile has right leaning vertical stripes']",[],"[5.0, 5.0, 5.0, 6.0, 7.0, 6.0, 2.0, 2.0]",729.2589,"['E_C', 'W_C', 'E_F', 'W_F']","[3.0, 7.0, 2.0, 6.0]","['high', 'low', 'low', 'high', 'high', 'high', 'low', 'low']","['C', 'F', 'C', 'F', 'F', 'C', 'C', 'F']","['W', 'E', 'E', 'W', 'W', 'W', 'E', 'E']","['low', 'high', 'low', 'high']",10,"['W_C', 'E_F', 'E_C', 'W_F', 'W_F', 'W_C', 'E_C', 'E_F']",1,6.0,5.0,5.0,"[1.0, 1.0, 1.0, 0.0, 1.0, 1.0, 0.0, 0.0]",stripes,feet,F,E,W,C,No,,,Yes,Up/Left,5.0
027,"['Defined vertical stripes, with an orientation to the right. Webbing between the fingers', 'Webbing in the fingers. Defined stripes with a leftward orientation\xa0', 'Non-webbed toes', 'Non-webbed toes', 'non-webbed toes', 'webbed toesstripes in a tighter pattern', 'webbed toesstripes in a wider pattern to the left', 'non-webbed toesstripes in a tighter pattern']","[""I looked at the example image to see if there were any other differng details of the nose holes, eye size, or background and didn't notice any others.\xa0""]","[10.0, 7.0, 3.0, 2.0, 2.0, 4.0, 5.0, 8.0]",673.8998,"['E_C', 'E_F', 'W_F', 'W_C']","[2.0, 6.0, 10.0, 4.0]","['high', 'high', 'low', 'low', 'low', 'high', 'high', 'low']","['F', 'F', 'C', 'C', 'C', 'F', 'F', 'C']","['E', 'W', 'E', 'W', 'W', 'E', 'W', 'E']","['low', 'high', 'high', 'low']",27,"['E_F', 'W_F', 'E_C', 'W_C', 'W_C', 'E_F', 'W_F', 'E_C']",1,5.0,5.0,4.0,"[2.0, 2.0, 0.0, 0.0, 0.0, 1.0, 0.0, 1.0]",feet,stripes,F,W,E,C,Yes,Webbed,6.0,Yes, Up/Right,5.0
021,"['Because they have four infants', 'Because their breeding process was slow', 'Because their breeding process was a little faster', 'Their breeding process was slow', 'Their breeding process was very fast', 'Their breeding process was fast', 'Their breeding process was fast', 'Their breeding process was average']",['No'],"[10.0, 2.0, 8.0, 3.0, 10.0, 8.0, 7.0, 5.0]",494.7855,"['E_F', 'E_C', 'W_C', 'W_F']","[10.0, 2.0, 8.0, 5.0]","['high', 'low', 'high', 'low', 'high', 'high', 'low', 'low']","['C', 'F', 'C', 'F', 'C', 'C', 'F', 'F']","['W', 'E', 'E', 'W', 'W', 'E', 'E', 'W']","['low', 'high', 'high', 'low']",21,"['W_C', 'E_F', 'E_C', 'W_F', 'W_C', 'E_C', 'E_F', 'W_F']",1,1.0,2.0,6.0,"[5.0, 1.0, 2.0, 0.0, 0.0, 0.0, 2.0, 0.0]",feet,stripes,C,E,W,F,No,,,No,,
015,"[""I believe that it's rounded limbs make it seem defenseless and is probably more approchable. The line pattern may seem more attractive as well"", 'This reptile has pointy limbs and could be a little defensive compared to the other reptiles', 'This reptile has round limbs as well and is probably more approchable as well', 'This one had pointy limbs and is probably more defensive than the round limb reptiles', 'Because of its limbs/claws', 'This reptile has pointy limbs but it has a pattern that look more welcoming than the other reptiles', 'This reptile has rounded limbs but has a more subtle looking pattern.h', 'This reptile has an appealing pattern and rounded claws as well making it Approchable\xa0']",['No I did not notice any other difference between the reptiles'],"[8.0, 2.0, 7.0, 3.0, 1.0, 5.0, 6.0, 10.0]",757.3493,"['W_C', 'W_F', 'E_F', 'E_C']","[3.0, 5.0, 10.0, 4.0]","['high', 'low', 'high', 'low', 'low', 'low', 'high', 'high']","['F', 'C', 'F', 'C', 'C', 'C', 'F', 'F']","['E', 'E', 'W', 'W', 'W', 'E', 'W', 'E']","['low', 'high', 'high', 'low']",15,"['E_F', 'E_C', 'W_F', 'W_C', 'W_C', 'E_C', 'W_F', 'E_F']",1,7.0,7.0,0.0,"[0.0, 0.0, 0.0, 0.0, 0.0, 0.0, 0.0, 0.0]",feet,stripes,F,W,E,C,Yes,Webbed,7.0,Yes, Up/Right,5.0
034,"['It stripes run parallel with its body instead of perpendicular', 'It stripes run parallel with its body, not perpendicular', 'It stripes run perpendicular to its body, not parallel', 'It stripes run perpendicular to its body, not parallel', 'It’s stripes run parallel to its body, not perpendicular', 'It’s stripes run perpendicular to its body, not parallel', 'It stripes run perpendicular to its body, not parallel', 'It stripes run parallel, whether it’s body not perpendicular']",[],"[3.0, 3.0, 6.0, 10.0, 2.0, 7.0, 9.0, 3.0]",334.912,"['E_C', 'W_F', 'E_F', 'W_C']","[3.0, 8.0, 3.0, 8.0]","['low', 'low', 'high', 'high', 'low', 'high', 'high', 'low']","['F', 'C', 'C', 'F', 'C', 'F', 'C', 'F']","['E', 'E', 'W', 'W', 'E', 'W', 'W', 'E']","['low', 'high', 'low', 'high']",34,"['E_F', 'E_C', 'W_C', 'W_F', 'E_C', 'W_F', 'W_C', 'E_F']",1,5.0,5.0,4.0,"[1.0, 1.0, 1.0, 0.0, 1.0, 0.0, 0.0, 0.0]",stripes,feet,F,E,W,C,Yes,Webbed,5.0,Yes,Up/Left,6.0
023,"['The reptile looks healthy and happy', 'the reptile looks satisfied, happy, and healthy', 'this score is questionable, as the reptile looks very healthy', 'this score is questionable, as the reptile looks very healthy and happy', 'the reptile looks extremely healthy and happy', 'the reptile looks well nourished, healthy, and happy', 'thr reptile looks healthy and happy', 'the reptile looks well nourished']",[],"[10.0, 8.0, 3.0, 2.0, 9.0, 9.0, 7.0, 5.0]",244.3555,"['E_C', 'W_C', 'E_F', 'W_F']","[7.0, 8.0, 9.0, 8.0]","['high', 'high', 'low', 'low', 'high', 'high', 'low', 'low']","['F', 'F', 'C', 'C', 'F', 'F', 'C', 'C']","['E', 'W', 'W', 'E', 'E', 'W', 'E', 'W']","['low', 'low', 'high', 'high']",23,"['E_F', 'W_F', 'W_C', 'E_C', 'E_F', 'W_F', 'E_C', 'W_C']",0,4.0,5.0,0.0,"[0.0, 0.0, 0.0, 0.0, 0.0, 0.0, 0.0, 0.0]",feet,stripes,F,W,E,C,No,,,No,,
002,"['Because they have webbed feet and backslash stripped patterns.', 'Because they have webbed feet and forwardslash patterns.', 'They have clawed feet and backslash patterns.', 'They have clawed feet and forward slash patterns.', 'They have clawed feet and backslash patterns.', 'They have webbed feet and forwardslash patterns', 'They have clawed feet and forwardslash patterns', 'They have webbed feet and backslash pattern']","['No other differences were noted, but thanks for allowing me to participate. Good Luck in your research']","[3.0, 6.0, 4.0, 10.0, 2.0, 4.0, 9.0, 4.0]",297.8614,"['E_F', 'W_F', 'E_C', 'W_C']","[6.0, 8.0, 3.0, 9.0]","['low', 'high', 'low', 'high', 'low', 'high', 'high', 'low']","['F', 'F', 'C', 'C', 'C', 'F', 'C', 'F']","['E', 'W', 'E', 'W', 'E', 'W', 'W', 'E']","['low', 'high', 'low', 'high']",2,"['E_F', 'W_F', 'E_C', 'W_C', 'E_C', 'W_F', 'W_C', 'E_F']",1,5.0,5.0,0.0,"[0.0, 0.0, 0.0, 0.0, 0.0, 0.0, 0.0, 0.0]",stripes,feet,C,E,W,F,Yes,Webbed,5.0,Yes,Up/Left,7.0
022,"['because it has alert eyes', 'because it has alert eyes', 'because his stripes aren’t horizontal', 'because he has big eyes and proper stripes', 'because he has big alert eyes and is darker', 'his markings are less defined', 'his stripes run an appealing way', 'is it shorter?']",['I thought eye size was a thing'],"[3.0, 4.0, 2.0, 6.0, 5.0, 1.0, 8.0, 5.0]",346.493,"['E_C', 'W_C', 'W_F', 'E_F']","[4.0, 7.0, 8.0, 3.0]","['low', 'high', 'low', 'high', 'low', 'low', 'high', 'high']","['F', 'C', 'C', 'F', 'C', 'F', 'C', 'F']","['E', 'W', 'E', 'W', 'E', 'E', 'W', 'W']","['low', 'high', 'high', 'low']",22,"['E_F', 'W_C', 'E_C', 'W_F', 'E_C', 'E_F', 'W_C', 'W_F']",1,7.0,7.0,0.0,"[0.0, 0.0, 0.0, 0.0, 0.0, 0.0, 0.0, 0.0]",stripes,feet,C,E,W,F,No,,,Yes,Up/Left,6.0
032,"['its stripe pattern makes it harder to find a mate to breed with', 'its pattern effects its ability to reproduce fertile reptiles', 'the temperature allowed this reptile to produce more offspring', 'this species was able to cross breed with a different species\xa0', 'this reptile couldnt find a suitable partner\xa0', 'this is the aceragw fertility score\xa0', 'this reptile was able to produce offspring in perfect conditions\xa0', 'this reptile fertility score is avg for its species\xa0']",['being able to make the pictures bigger would be helpful in determining features\xa0'],"[3.0, 2.0, 7.0, 5.0, 4.0, 5.0, 8.0, 4.0]",596.698,"['W_C', 'E_C', 'E_F', 'W_F']","[4.0, 7.0, 6.0, 5.0]","['high', 'low', 'high', 'low', 'low', 'high', 'high', 'low']","['C', 'F', 'F', 'C', 'C', 'F', 'C', 'F']","['E', 'W', 'E', 'W', 'W', 'E', 'E', 'W']","['low', 'high', 'high', 'low']",32,"['E_C', 'W_F', 'E_F', 'W_C', 'W_C', 'E_F', 'E_C', 'W_F']",1,6.0,6.0,8.0,"[1.0, 2.0, 1.0, 1.0, 1.0, 1.0, 1.0, 1.0]",stripes,feet,C,W,E,F,Yes, Curved/Pointy,5.0,Yes, Up/Right,6.0
030,"['better looking', 'its worth it', 'looks nice', 'worth it', 'will work', 'works with it', 'wrks\xa0', 'works']",['no'],"[1.0, 8.0, 4.0, 10.0, 3.0, 10.0, 5.0, 7.0]",533.2741,"['E_C', 'E_F', 'W_C', 'W_F']","[5.0, 7.0, 6.0, 5.0]","['low', 'high', 'low', 'high', 'low', 'high', 'low', 'high']","['C', 'C', 'F', 'F', 'C', 'C', 'F', 'F']","['E', 'W', 'E', 'W', 'E', 'W', 'E', 'W']","['low', 'low', 'high', 'high']",30,"['E_C', 'W_C', 'E_F', 'W_F', 'E_C', 'W_C', 'E_F', 'W_F']",0,4.0,5.0,2.0,"[2.0, 2.0, 0.0, 0.0, 0.0, 0.0, 0.0, 0.0]",stripes,feet,F,E,W,C,Yes, Curved/Pointy,4.0,Yes,Up/Left,6.0
020,"['This reptile has distinct striped pattern, which makes it attractive to the opposite sex and makes it easy to find partners to mate with.', 'This reptile has stripes that run across its body rather than along its body.', 'This reptile has pointed toes rather than round ones.', 'Ideal candidate with stripes running along the body and round toes.', 'Another ideal mating candidate with stripes running along the body and with round toes.', 'Stripes are running along the body but the toes are pointed.', 'Stripes are running across the body and has pointed toes.', 'Stripes are running across the body and the toes are round. Stripe directions are more important for mating in these reptiles.']",['I thought the shade of the green color mattered but this proved to be a false alarm when I looked at all the reptile specimen more closely.'],"[6.0, 5.0, 4.0, 9.0, 8.0, 7.0, 1.0, 1.0]",526.9804,"['E_F', 'E_C', 'W_F', 'W_C']","[9.0, 6.0, 4.0, 1.0]","['high', 'low', 'low', 'high', 'high', 'high', 'low', 'low']","['C', 'F', 'C', 'F', 'F', 'C', 'C', 'F']","['E', 'W', 'W', 'E', 'E', 'E', 'W', 'W']","['high', 'high', 'low', 'low']",20,"['E_C', 'W_F', 'W_C', 'E_F', 'E_F', 'E_C', 'W_C', 'W_F']",1,6.0,6.0,3.0,"[0.0, 1.0, 1.0, 0.0, 1.0, 0.0, 0.0, 0.0]",stripes,feet,F,W,E,C,Yes, Curved/Pointy,5.0,Yes, Up/Right,6.0
024,"['They have stripes to hide from predators\xa0', 'they have large eyes to see\xa0', 'they have webbed feet\xa0', 'they have sharp fingers to fight\xa0', 'they have large eyes, stripes and webbed feet\xa0', 'they have large eyes', 'they have sharp talons', 'it looks smaller than the other reptiles']",[],"[5.0, 5.0, 6.0, 8.0, 10.0, 5.0, 5.0, 2.0]",188.4013,"['E_C', 'E_F', 'W_C', 'W_F']","[3.0, 7.0, 5.0, 9.0]","['high', 'low', 'low', 'high', 'high', 'low', 'high', 'low']","['F', 'C', 'F', 'C', 'F', 'F', 'C', 'C']","['E', 'W', 'W', 'E', 'E', 'W', 'E', 'W']","['high', 'high', 'low', 'low']",24,"['E_F', 'W_C', 'W_F', 'E_C', 'E_F', 'W_F', 'E_C', 'W_C']",1,5.0,6.0,2.0,"[2.0, 0.0, 2.0, 0.0, 0.0, 0.0, 0.0, 0.0]",stripes,feet,F,W,E,C,Yes,Webbed,6.0,No,,
008,"['This reptile appears to have diagonal lines going from to to bottom\xa0In my visual comparison, this is the only one like this and that must signify its score.', '3This reptile has shaken lines or almost zigzag the one with a higher score was more straight.', 'This one has less defined lines that fade out. So that signifies it having a mid level scire.', 'This one has straight clean lines but they dont gi all the way and instead fade out. This would be a middle score.', 'This reptile has the lines down its back the correct direction, but they are more jagged. This explains the mid level score', 'This reptile has a fertility score above others that look the same. It must have to do with its environment making it jump above the mid level', 'Short lines in the wrong direction and super webbed toes', 'This one has the straight pointy toes but maybe its environment needs the webbed toes']",['I noticed a few other things. One was the lines being wavy or clean and straight. Very interesting.'],"[9.0, 6.0, 7.0, 4.0, 6.0, 9.0, 3.0, 3.0]",463.9959,"['E_C', 'E_F', 'W_C', 'W_F']","[5.0, 9.0, 4.0, 7.0]","['high', 'high', 'low', 'low', 'high', 'high', 'low', 'low']","['F', 'C', 'F', 'C', 'C', 'F', 'F', 'C']","['E', 'E', 'W', 'W', 'E', 'E', 'W', 'W']","['high', 'high', 'low', 'low']",8,"['E_F', 'E_C', 'W_F', 'W_C', 'E_C', 'E_F', 'W_F', 'W_C']",1,7.0,7.0,4.0,"[5.0, 1.0, 0.0, 0.0, 0.0, 0.0, 0.0, 0.0]",stripes,feet,F,W,E,C,Yes,Webbed,3.0,Yes, Up/Right,6.0
020,"['This reptiles stripes run up and down. This might make him more attractive to a mate, which gives him more chances at reproduction.', 'This reptiles stripes run side to side. This trait might not be as attractive, but his feet have good webbing, so he had a better than average chance at finding a mate.', ""This reptile has no webbing between his toes. This could be perceived as unhealthy, so he didn't get as many chances at reproduction."", 'This reptile looks healthy and eager. His stripes and webbing are attractive to many mates, giving him above average chances at reproduction.', 'This reptile has good webbing between his toes and his stripes run up and down. Mates seem to find this attractive for producing healthy offspring.', 'This reptile has good stripes, but his feet have no webbing. He is still getting some action though because his smile gives him personaility.', 'This reptile is struggling to attract a mate. His stripes are side to side and he has no webbing. Mates might think he is sick, so his chances are much lower at attracting a mate.', ""This reptile has good webbing, but his stripes are sideways and his eye is a little off. Mates might not be interested. He is still smiling though and he still had someone take a chance, but he doesn't get many.""]","['I did consider the eyes, nostrils, plants in the background, and smile.']","[6.0, 5.0, 4.0, 9.0, 8.0, 7.0, 1.0, 1.0]",1076.8879,"['E_F', 'E_C', 'W_F', 'W_C']","[9.0, 6.0, 3.0, 1.0]","['high', 'low', 'low', 'high', 'high', 'high', 'low', 'low']","['C', 'F', 'C', 'F', 'F', 'C', 'C', 'F']","['E', 'W', 'W', 'E', 'E', 'E', 'W', 'W']","['high', 'high', 'low', 'low']",20,"['E_C', 'W_F', 'W_C', 'E_F', 'E_F', 'E_C', 'W_C', 'W_F']",1,5.0,7.0,5.0,"[1.0, 1.0, 1.0, 0.0, 1.0, 0.0, 0.0, 1.0]",stripes,feet,F,W,E,C,Yes,Webbed,5.0,Yes, Up/Right,6.0
