StartDate,EndDate,Status,IPAddress,Progress,Duration (in seconds),Finished,RecordedDate,ResponseId,RecipientLastName,RecipientFirstName,RecipientEmail,ExternalReference,LocationLatitude,LocationLongitude,DistributionChannel,UserLanguage,Q_RecaptchaScore,Q4,Q8,pspot_1,rspot_1,fspot,fspotnone,pdirection_1,rdirection_1,fdirection,fdirectionnone,pcolor_1,rcolor_1,fcolor,fcolornone,pclaw_1,rclaw_1,fclaw,fclawnone,ptail_1,rtail_1,ftail,ftailnone,pthick_1,rthick_1,fthick,fthicknone,pbelly_1,rbelly_1,fbelly,fbellynone,pspotamount_1,rspotamount_1,fspotamount,fspotamountnone,pridge_1,rridge_1,fridge,fridgenone,pear_1,rear_1,fear,fearnone,Q_RecaptchaStatus,Q_RecaptchaError,PROLIFIC_PID
Start Date,End Date,Response Type,IP Address,Progress,Duration (in seconds),Finished,Recorded Date,Response ID,Recipient Last Name,Recipient First Name,Recipient Email,External Data Reference,Location Latitude,Location Longitude,Distribution Channel,User Language,Q_RecaptchaScore,Do you consent?,"What is your Prolific ID? (This should be autofilled from prolific, if not, please enter it below)",Do you think it’s plausible that how fertile a reptile is would be affected by whether it has small or large spots? - Move Slider Below,"If there is a relationship between spots and fertility, which direction would that relationship go? - Move Slider to trait associated with higher fertility","Now we want you to spend a little time thinking about a potential explanation for WHY spot size might relate to fertility. If you can come up with an explanation, write a brief explanation below in a few sentences or less. If upon reflection it's hard to come up with an explanation, please INSTEAD check the box below.",Check below if it's very hard to come up with an explanation (check this only if you did NOT write an explanation),Do you think it’s plausible that how fertile a reptile is would be affected by whether it has vertical or horizontal stripes? - Move Slider Below,"If there is a relationship between stripe direction and fertility, which direction would that relationship go? - Move Slider to trait associated with higher fertility","Now we want you to spend a little time thinking about a potential explanation for WHY stripe direction might relate to fertility. If you can come up with an explanation, write a brief explanation below in a few sentences or less. If upon reflection it's hard to come up with an explanation, please INSTEAD check the box below.",Check below if it's very hard to come up with an explanation (check this only if you did NOT write an explanation),Do you think it’s plausible that how fertile a reptile is would be affected by whether it is purple or blue? - Move Slider Below,"If there is a relationship between color and fertility, which direction would that relationship go? - Move Slider to trait associated with higher fertility","Now we want you to spend a little time thinking about a potential explanation for WHY color might relate to fertility. If you can come up with an explanation, write a brief explanation below in a few sentences or less. If upon reflection it's hard to come up with an explanation, please INSTEAD check the box below.",Check below if it's very hard to come up with an explanation (check this only if you did NOT write an explanation),Do you think it’s plausible that how fertile a reptile is would be affected by whether it has rounded or curved feet? - Move Slider Below,"If there is a relationship between feet type and fertility, which direction would that relationship go? - Move Slider to trait associated with higher fertility","Now we want you to spend a little time thinking about a potential explanation for WHY foot shape might relate to fertility. If you can come up with an explanation, write a brief explanation below in a few sentences or less. If upon reflection it's hard to come up with an explanation, please INSTEAD check the box below.",Check below if it's very hard to come up with an explanation (check this only if you did NOT write an explanation),Do you think it’s plausible that how fertile a reptile is would be affected by whether it has a straight or curly tail? - Move Slider Below,"If there is a relationship between sort of tail and fertility, which direction would that relationship go? - Move Slider to trait associated with higher fertility","Now we want you to spend a little time thinking about a potential explanation for WHY sort of tail might relate to fertility. If you can come up with an explanation, write a brief explanation below in a few sentences or less. If upon reflection it's hard to come up with an explanation, please INSTEAD check the box below.",Check below if it's very hard to come up with an explanation (check this only if you did NOT write an explanation),Do you think it’s plausible that how fertile a reptile is would be affected by whether it has thin or thick stripes? - Move Slider Below,"If there is a relationship between stripe thickness and fertility, which direction would that relationship go? - Move Slider to trait associated with higher fertility","Now we want you to spend a little time thinking about a potential explanation for WHY stripe thickness might relate to fertility. If you can come up with an explanation, write a brief explanation below in a few sentences or less. If upon reflection it's hard to come up with an explanation, please INSTEAD check the box below.",Check below if it's very hard to come up with an explanation (check this only if you did NOT write an explanation),Do you think it’s plausible that how fertile a reptile is would be affected by whether it has spots on its belly or back? - Move Slider Below,"If there is a relationship between spot location and fertility, which direction would that relationship go? - Move Slider to trait associated with higher fertility","Now we want you to spend a little time thinking about a potential explanation for WHY spot location might relate to fertility. If you can come up with an explanation, write a brief explanation below in a few sentences or less. If upon reflection it's hard to come up with an explanation, please INSTEAD check the box below.",Check below if it's very hard to come up with an explanation (check this only if you did NOT write an explanation),Do you think it’s plausible that how fertile a reptile is would be affected by whether it has spots on both its belly and back or only its back? - Move Slider Below,"If there is a relationship between Spot location and fertility, which direction would that relationship go? - Move Slider to trait associated with higher fertility","Now we want you to spend a little time thinking about a potential explanation for WHY spots on back or back and belly might relate to fertility. If you can come up with an explanation, write a brief explanation below in a few sentences or less. If upon reflection it's hard to come up with an explanation, please INSTEAD check the box below.",Check below if it's very hard to come up with an explanation (check this only if you did NOT write an explanation),Do you think it’s plausible that how fertile a reptile is would be affected by whether it has ridges on its lower or upper back? - Move Slider Below,"If there is a relationship between ridge location and fertility, which direction would that relationship go? - Move Slider to trait associated with higher fertility","Now we want you to spend a little time thinking about a potential explanation for WHY ridge location relates to fertility. If you can come up with an explanation, write a brief explanation below in a few sentences or less. If upon reflection it's hard to come up with an explanation, please INSTEAD check the box below.",Check below if it's very hard to come up with an explanation (check this only if you did NOT write an explanation),Do you think it’s plausible that how fertile a reptile is would be affected by whether it has an ear oriented upwards or downwards? - Move Slider Below,"If there is a relationship between ear orientation and fertility, which direction would that relationship go? - Move Slider to trait associated with higher fertility","Now we want you to spend a little time thinking about a potential explanation for WHY ear orientation relates to fertility. If you can come up with an explanation, write a brief explanation below in a few sentences or less. If upon reflection it's hard to come up with an explanation, please INSTEAD check the box below.",Check below if it's very hard to come up with an explanation (check this only if you did NOT write an explanation),Q_RecaptchaStatus,Q_RecaptchaError,PROLIFIC_PID
"{""ImportId"":""startDate"",""timeZone"":""America/Denver""}","{""ImportId"":""endDate"",""timeZone"":""America/Denver""}","{""ImportId"":""status""}","{""ImportId"":""ipAddress""}","{""ImportId"":""progress""}","{""ImportId"":""duration""}","{""ImportId"":""finished""}","{""ImportId"":""recordedDate"",""timeZone"":""America/Denver""}","{""ImportId"":""_recordId""}","{""ImportId"":""recipientLastName""}","{""ImportId"":""recipientFirstName""}","{""ImportId"":""recipientEmail""}","{""ImportId"":""externalDataReference""}","{""ImportId"":""locationLatitude""}","{""ImportId"":""locationLongitude""}","{""ImportId"":""distributionChannel""}","{""ImportId"":""userLanguage""}","{""ImportId"":""Q_RecaptchaScore""}","{""ImportId"":""QID5""}","{""ImportId"":""QID9_TEXT""}","{""ImportId"":""QID14_1""}","{""ImportId"":""QID15_1""}","{""ImportId"":""QID16_TEXT""}","{""ImportId"":""QID30""}","{""ImportId"":""QID87_1""}","{""ImportId"":""QID88_1""}","{""ImportId"":""QID90_TEXT""}","{""ImportId"":""QID91""}","{""ImportId"":""QID94_1""}","{""ImportId"":""QID95_1""}","{""ImportId"":""QID97_TEXT""}","{""ImportId"":""QID98""}","{""ImportId"":""QID101_1""}","{""ImportId"":""QID102_1""}","{""ImportId"":""QID104_TEXT""}","{""ImportId"":""QID105""}","{""ImportId"":""QID108_1""}","{""ImportId"":""QID109_1""}","{""ImportId"":""QID111_TEXT""}","{""ImportId"":""QID112""}","{""ImportId"":""QID115_1""}","{""ImportId"":""QID116_1""}","{""ImportId"":""QID118_TEXT""}","{""ImportId"":""QID119""}","{""ImportId"":""QID122_1""}","{""ImportId"":""QID123_1""}","{""ImportId"":""QID125_TEXT""}","{""ImportId"":""QID126""}","{""ImportId"":""QID129_1""}","{""ImportId"":""QID130_1""}","{""ImportId"":""QID132_TEXT""}","{""ImportId"":""QID133""}","{""ImportId"":""QID136_1""}","{""ImportId"":""QID137_1""}","{""ImportId"":""QID139_TEXT""}","{""ImportId"":""QID140""}","{""ImportId"":""QID143_1""}","{""ImportId"":""QID144_1""}","{""ImportId"":""QID146_TEXT""}","{""ImportId"":""QID147""}","{""ImportId"":""Q_RecaptchaStatus""}","{""ImportId"":""Q_RecaptchaError""}","{""ImportId"":""PROLIFIC_PID""}"
2026-04-20 06:31:41,2026-04-20 06:36:22,IP Address,*******,100,280,True,2026-04-20 06:36:23,R_7hK9858jdUSyS6R,*******,*******,*******,*******,*******,*******,anonymous,EN,1,"Yes, I consent",5dbc46b70338051eb7999760,87,71,,I can't think of any,60,62,,I can't think of any,94,100,,I can't think of any,71,78,,I can't think of any,18,27,,I can't think of any,50,43,I think that its just the way that the reptile is that way. I don't think it would help mating.,,93,95,,I can't think of any,85,83,I think that the spots on the back and belly could signal mates to come to them. Attracting mates,,61,59,,I can't think of any,34,50,,I can't think of any,complete,,5dbc46b70338051eb7999760
2026-04-20 06:31:28,2026-04-20 06:36:38,IP Address,*******,100,310,True,2026-04-20 06:36:39,R_5MvPNvwHgxpTaWB,*******,*******,*******,*******,*******,*******,anonymous,EN,1,"Yes, I consent",69baa27614b2c61d994a5fcc,70,80,"I think spot size would attract a mate. It can also be the result of higher levels of hormones. ",,20,50,,I can't think of any,20,50,"I am not sure that color would affect fertility. ",,75,85,"I think the curved foot would likely make it easier for the reptile to reach higher places to attract more mates. ",,71,78,"I think the curved tail would be an attractive feature for a mate. ",,65,30,"I think the thicker stripes would be more attractive in finding a mate. ",,60,35,"Once again I think the back spots are more visible in attracting a mate as they are more visual. ",,80,72,"The additional spots likely attract a mate more greatly. ",,50,68,"I think this is because I am biased towards the spikes on the upper back. I am not sure this makes much of a difference. ",,5,50,,I can't think of any,complete,,69baa27614b2c61d994a5fcc
2026-04-20 06:31:26,2026-04-20 06:36:57,IP Address,*******,100,331,True,2026-04-20 06:36:58,R_7ZJFocaNBBuxExl,*******,*******,*******,*******,*******,*******,anonymous,EN,1,"Yes, I consent",699d4c21f1992ed38fd1c0f9,0,50,,I can't think of any,0,50,,I can't think of any,0,50,,I can't think of any,70,100,I think that if they have curved feet it may help them hold onto surfaces more easily which would make them more fertile.,,70,100,I would think that reptiles with curved tails would be more fertile because they could hold onto things with their tails.,,0,50,,I can't think of any,0,50,,I can't think of any,0,50,,I can't think of any,70,100,I think the upper back ridges would gaurd off predators better and that would lead them to be more fertile.,,70,100,I would think that an upward ear leads to them being more fertile because they can hear better which would help them hear oncoming predators so they could be more fertile.,,complete,,699d4c21f1992ed38fd1c0f9
2026-04-20 06:33:55,2026-04-20 06:38:15,IP Address,*******,100,259,True,2026-04-20 06:38:15,R_7xrdgd5AsY8Do1H,*******,*******,*******,*******,*******,*******,anonymous,EN,1,"Yes, I consent",69ce7d2297b4750b47987000,65,75,This could just be an age thing. The spots haven't fully developed yet on the smaller dotted frog,,0,50,,I can't think of any,0,50,,I can't think of any,0,50,,I can't think of any,0,50,,I can't think of any,0,50,,I can't think of any,0,50,,I can't think of any,0,50,,I can't think of any,0,50,,I can't think of any,0,50,,I can't think of any,complete,,69ce7d2297b4750b47987000
2026-04-20 06:33:40,2026-04-20 06:38:20,IP Address,*******,100,280,True,2026-04-20 06:38:20,R_7OdWpjxY6O6GgDc,*******,*******,*******,*******,*******,*******,anonymous,EN,1,"Yes, I consent",5f394ce53b053607008f4b74,30,30,More small spots are easier to see,,60,60,Horizontal stripes are more common,,40,40,Purple is easier and more unique in nature,,50,50,"I don't think feet shape would make a difference ",,50,50,I don't think tail shape would make a difference either,,70,70,Thin striped may be more easily caught by a mate,,60,25,Spots on the back would be easier to see,,50,65,Spots may get the attention of a mate,,50,50,I can't see this making a difference,,50,50,I don't see this making a difference,,complete,,5f394ce53b053607008f4b74
2026-04-20 06:31:50,2026-04-20 06:39:18,IP Address,*******,100,448,True,2026-04-20 06:39:19,R_3prnK2Tjl6OX7Mr,*******,*******,*******,*******,*******,*******,anonymous,EN,1,"Yes, I consent",69d285986e30bd74f4df2beb,62,72,"For some reason, I think the large spots would indicate it is a female for this species and that they are more fertile by the number of spots and the size of the spots. The bigger the spots, the more fertile the animal is in my opinion. ",,3,51,,I can't think of any,29,48,,I can't think of any,4,50,,I can't think of any,32,51,,I can't think of any,20,49,,I can't think of any,27,24,,I can't think of any,33,49,,I can't think of any,2,49,,I can't think of any,54,57,"It could show that when the ear is up, the animal is more fertile and ready to reproduce. When the ear is down, it could show that the animal is not fertile. ",,complete,,69d285986e30bd74f4df2beb
2026-04-20 06:33:44,2026-04-20 06:39:36,IP Address,*******,100,352,True,2026-04-20 06:39:37,R_57P5tjALdcogJ4q,*******,*******,*******,*******,*******,*******,anonymous,EN,1,"Yes, I consent",58be162d2e4dc0000164b12c,99,87,The spots make it easier to see in the wild.,,2,52,,I can't think of any,90,0,"Purple is easier to see ",,91,93,They can hold on to any surface better,,4,51,,I can't think of any,98,6,Easier to attract the opposite sex when stripes are more apparent.,,50,52,,I can't think of any,93,86,Spots on belly make them easier to see in the wild,,30,74,,I can't think of any,88,88,"It is easier to see when the ear is tilted upward. ",,complete,,58be162d2e4dc0000164b12c
2026-04-20 06:33:44,2026-04-20 06:39:48,IP Address,*******,100,363,True,2026-04-20 06:39:48,R_3v8m2CWOZ2fpBRx,*******,*******,*******,*******,*******,*******,anonymous,EN,1,"Yes, I consent",6014213c77aab7396ca3e5a7,59,66,,I can't think of any,46,52,,I can't think of any,51,40,Brighter colors attract mates more,,54,59,,I can't think of any,49,41,"It could affect the sperm of that animal, curly tail animals have curly sperm which make it harder to conceive",,58,40,,I can't think of any,72,83,Spots on the belly can indicate to a male that the female is fertile at that time,,58,69,I think the spots on the belly could indicate to a male that the female is fertile at that time,,53,58,,I can't think of any,56,63,,I can't think of any,complete,,6014213c77aab7396ca3e5a7
2026-04-20 06:31:42,2026-04-20 06:40:10,IP Address,*******,100,507,True,2026-04-20 06:40:10,R_6N9Rdxp7KC2URoB,*******,*******,*******,*******,*******,*******,anonymous,EN,1,"Yes, I consent",69e5fa8cb890efd393b4fed3,93,50,Whether the spot size is bigger or smaller may depend on the species because the spots' size may change with age.,,0,50,,I can't think of any,0,50,,I can't think of any,0,50,,I can't think of any,5,18,It could be a reflection of whether or not a femal lizard is ready to lay eggs.,,0,50,,I can't think of any,39,50,"Spots on either place could denote the ability to reproduce, depending on species.",,4,77,The reason I believe the spots on the belly could denote fertility is it could be an evolutionary trait to show that the reptile is ready for reproduction.,,0,50,,I can't think of any,67,80,Could denote arousal.,,complete,,69e5fa8cb890efd393b4fed3
2026-04-20 06:36:39,2026-04-20 06:40:28,IP Address,*******,100,228,True,2026-04-20 06:40:28,R_6TNMy4lwz8wkj2d,*******,*******,*******,*******,*******,*******,anonymous,EN,0.800000011920929,"Yes, I consent",69daccf8482a69b1baf97f79,50,50,,I can't think of any,50,50,,I can't think of any,50,50,,I can't think of any,50,50,,I can't think of any,50,50,,I can't think of any,51,50,,I can't think of any,50,50,,I can't think of any,51,51,,I can't think of any,50,50,,I can't think of any,50,50,,I can't think of any,complete,,69daccf8482a69b1baf97f79
2026-04-20 06:33:34,2026-04-20 06:41:19,IP Address,*******,100,465,True,2026-04-20 06:41:20,R_6k47U1xhWM58RI5,*******,*******,*******,*******,*******,*******,anonymous,EN,1,"Yes, I consent",69b2eaab584f6399e281f2ca,3,50,,I can't think of any,2,50,,I can't think of any,3,50,,I can't think of any,5,50,,I can't think of any,20,70,"A curly tail is more attractive to a mate.  ",,3,50,,I can't think of any,14,20,"Spots on its back helps camouflage the frog and increases its chances of survival.  ",,2,50,,I can't think of any,3,50,,I can't think of any,10,80,An upward position helps the reptile survive.  Survival of the species is related to the upward position.,,complete,,69b2eaab584f6399e281f2ca
2026-04-20 06:33:22,2026-04-20 06:42:30,IP Address,*******,100,548,True,2026-04-20 06:42:31,R_6LW5ZPaE6lB07Kx,*******,*******,*******,*******,*******,*******,anonymous,EN,1,"Yes, I consent",69dd70492875f5476fca115e,60,87,"Large spots may indicate that an animal is healthier and therefore more fertile. ",,18,41,,I can't think of any,27,51,"One of the colors might indicate that an animal is healthier/not sick compared to another color. Therefore, they may be more fertile. ",,20,51,,I can't think of any,46,17,"A straight tail may indicate that an animal is not sick and therefore more fertile. ",,22,32,Thicker stripes may indicate that the animal has stronger genes.,,11,42,"The spots on the back may warn predators not to eat them, which helps ensure that they can live long enough to be fertile.",,71,96,"More spots may attract other animals to breed with, indicating that the animal is mature and fertile. ",,55,72,"Upper ridges may indicate that an animal is better at protecting themselves, thus making them stronger and possibly more fertile. ",,10,61,The ears being up may indicate that they are stronger than an animal with ears down.,,complete,,69dd70492875f5476fca115e
2026-04-20 06:32:06,2026-04-20 06:42:58,IP Address,*******,100,651,True,2026-04-20 06:42:58,R_6YG8IdqWqD4TR36,*******,*******,*******,*******,*******,*******,anonymous,EN,1,"Yes, I consent",69de835c5df6cedd01cf890a,68,26,"The smaller spots scream woman to me and therefore, it is more fertile in my mind.",,56,78,The vertical stripes look more feminine to me as well.  It makes it seem more fertile.,,62,23,"I associate color with gender and when I see purple, as opposed to blue, I think of women.  When I think of women, I think of fertility.",,71,78,The curved feet are more feminine which would make it fertile in my opinion.,,73,77,The curly tail is cute and feminine which makes me think it's more fertile.,,61,73,"I look at the stripes and the thinner stripes look more feminine to me.  Therefore, making the thinner stripes look more fertile.",,58,23,"I think the spots on the back are more decorative which also makes me think of women.  When I think of women, I think of fertility.",,70,71,"I think the spots all over is more decorative which makes me think of feminine energy.  ",,63,27,"I think the spikes on the upper back look more menacing therefore, it doesn't look feminine or fertile to my eyes.",,66,26,The ear down is less attention seeking which doesn't shout masculinity.,,complete,,69de835c5df6cedd01cf890a
2026-04-20 06:36:02,2026-04-20 06:43:17,IP Address,*******,100,435,True,2026-04-20 06:43:18,R_688IdjXLSpM97sl,*******,*******,*******,*******,*******,*******,anonymous,EN,1,"Yes, I consent",674bb28ac7a94a18fb18331d,17,67,,I can't think of any,12,51,"if a lot of reptiles had a stripe direction in a certain way it would signal that it could be a trait associated with strength and reproductivity, meaning that the few reptiles that had their stripe in the other direction lacked fertility",,44,25,being a certain color could reflect infertility if all fertile ones are a certain color,,9,49,,I can't think of any,7,50,,I can't think of any,15,39,,I can't think of any,66,27,belly spots could be associated with infertility,,50,0,spots on the belly could indicate infertility,,41,77,the position of them could make them more likely to mate with others,,2,51,,I can't think of any,complete,,674bb28ac7a94a18fb18331d
2026-04-20 06:37:37,2026-04-20 06:43:57,IP Address,*******,100,380,True,2026-04-20 06:43:57,R_5rOly4Ksqbl78Mm,*******,*******,*******,*******,*******,*******,anonymous,EN,1,"Yes, I consent",69dc36008c70f0cb522934dc,31,49,,I can't think of any,23,50,,I can't think of any,37,49,,I can't think of any,28,49,,I can't think of any,27,49,,I can't think of any,31,49,,I can't think of any,28,49,,I can't think of any,29,49,,I can't think of any,8,49,,I can't think of any,9,50,,I can't think of any,complete,,69dc36008c70f0cb522934dc
2026-04-20 06:31:46,2026-04-20 06:44:41,IP Address,*******,100,775,True,2026-04-20 06:44:42,R_5aLiX3avVbirMLz,*******,*******,*******,*******,*******,*******,anonymous,EN,0.800000011920929,"Yes, I consent",69e13d9814879d959fdda88e,80,90,Increased blood flow making the skin expand a little giving the illusion of bigger spots?,,70,95,"Maybe because the weather changes  during fertility would change the texture of the skin giving the appearance of a change in direction???

I think it is very plausable because I know of an instance with plants that the leaves are in a differnt shape based on different situations but in this situation I am unsure. ",,80,50,Because of hormones reacting to sunlight during mating season.,,55,50,"This one I don't believe so. ",I can't think of any,80,80,"The female is raising her tail, letting the male know she is ready.",,80,20,"If it is thick stripes then the thick stripes would make a male appear more masculine, but then again vice versa for the female with thin appearing more feminine? Thus both are ready to mate.",,80,95,I think the increased hormones make the spots appear.,,90,90,I think I heard this one before and the spots all over indicate fertility. I think it is the increased hormones causing the other spots on the belly to appear.,,10,50,,I can't think of any,81,20,My thought is that if it is a downwards ear then  thedownwards ear would make the female appear more submissive?,,complete,,69e13d9814879d959fdda88e
2026-04-20 06:33:50,2026-04-20 06:44:51,IP Address,*******,100,661,True,2026-04-20 06:44:52,R_3gvGv2W7Hjo9MUF,*******,*******,*******,*******,*******,*******,anonymous,EN,1,"Yes, I consent",696a7d8e7ecb7691c3c716e0,87,0,"If I stick to my poisonous theory, bigger spots makes it more visible.",,0,50,"I think vertical stripes are more common in the animal world so maybe horizontal would be ""odd"" but I could be completely off.",,60,76,Maybe some colors are more linked to danger or poison?,,15,20,,I can't think of any,5,50,,I can't think of any,10,50,,I can't think of any,65,100,"Spots on the back are more exposed and visible in the natural resting position. ",,58,16,"Here again I could picture this as a sign of poisonous animal. The more spots on the body, the more likely it is to be poisonous. Now, would the male fall for the trick, that's another story.",,85,75,"When they are doing the deed, the male would lean on the female's back and is more likely to be pricked in the stomach and stop due to it being uncomfortable if the spikes are in the lower back.",,25,20,I associate upwards with the need to be constantly in the lookout for suspicious noises and predators. Downwards would therefore be more laid back and more prone to mating.,,complete,,696a7d8e7ecb7691c3c716e0
2026-04-20 06:36:05,2026-04-20 06:44:58,IP Address,*******,100,532,True,2026-04-20 06:44:59,R_6M4YEVB28j2FIgM,*******,*******,*******,*******,*******,*******,anonymous,EN,1,"Yes, I consent",69e4d7ee61f084d077e9c27e,100,,"Small spots could blend in easier allowing to survive and breed more. ",,83,100,"Seems in my mind to line up with the vertical structure of creases in and and legs allowing to blend in and survive easier, thus produce more offspring. ",,50,52,"Perhaps the color of the environment could relate but highly situational. ",,52,50,"Don't see any advantage particularly. ",,63,100,"Perhaps a curly tail would allow more close contact between species in a manner of holding on to each other. ",,100,99,"I think thinner lines would blend in easier and allow longer survival. ",,52,49,"This seems like a duplicate. But can't see an advantage either way. ",,50,51,"Don't see any advantage or disadvantage. ",,51,51,"No clue really, I see spikes on those locations as having the same defense or non aggressive affect on a mate. ",,70,2,"Potentially not standing out could allow for self preservation and more breeding. ",,complete,,69e4d7ee61f084d077e9c27e
2026-04-20 06:34:03,2026-04-20 06:45:32,IP Address,*******,100,688,True,2026-04-20 06:45:33,R_7ahO8NSZha9sFeV,*******,*******,*******,*******,*******,*******,anonymous,EN,1,"Yes, I consent",62924256407ac0e6125cf0ce,68,100,The larger spots could make the frog more visible to potential mates.,,89,50,One stripe pattern could be more attractive to potential mates than the other.,,96,50,one color could be more attractive to potential mates than the other.,,68,78,Maybe the type of feet the frog has could make a difference in how it can grasp or latch onto a potential mate.,,66,100,The curly tail might be more attractive to potential mates.,,70,0,Thicker stripes could make the frog more visible to potential mates.,,67,50,One spot pattern could be more attractive to potential mates than the other.,,68,50,One spot pattern could be more attractive to potential mates than others.,,54,50,,I can't think of any,68,50,,I can't think of any,complete,,62924256407ac0e6125cf0ce
2026-04-20 06:34:04,2026-04-20 06:45:48,IP Address,*******,100,703,True,2026-04-20 06:45:48,R_6dbJ8CCRV2pPtxs,*******,*******,*******,*******,*******,*******,anonymous,EN,1,"Yes, I consent",697cd99a0b15ee3f0b10b595,80,65,"It seems like large spots are not only prettier, but also possible a sign of development or good health.",,0,50,,I can't think of any,2,52,,I can't think of any,60,55,Rounded looks healthier to me.,,69,70,Curly looks perky and desirable.,,70,50,,I can't think of any,69,50,,I can't think of any,50,33,Seems more the age of reproduction.,,60,50,,I can't think of any,80,55,"Not really sure, but the ears up could be a sign of hearing a noise, it feels naturally associated with perky as well. Maybe it's subconscious.",,complete,,697cd99a0b15ee3f0b10b595
2026-04-20 06:35:22,2026-04-20 06:45:57,IP Address,*******,100,635,True,2026-04-20 06:45:58,R_6CfzZdlHkHqbA6B,*******,*******,*******,*******,*******,*******,anonymous,EN,1,"Yes, I consent",69bf056721a1f103406820dc,51,50,,I can't think of any,50,51,,,59,51,"I think some frogs can change colors, if that is true a certain color MIGHT mean fertility.",,67,8,Human womens feet swell during pregnancy so it MIGHT stand to reason the curved feet could be swelling and indicate fertility.,,69,67,In my mind I can see the tail going curly as a sign of fertility.,,3,51,,I can't think of any,43,51,,I can't think of any,50,49,,I can't think of any,71,25,I see males as having more spikes for defense and females having less.,,1,49,If I was to guess I would think males would have ears up indicate trying to find a mate and ears down could be females ready to mate.,,complete,,69bf056721a1f103406820dc
2026-04-20 06:36:24,2026-04-20 06:46:00,IP Address,*******,100,576,True,2026-04-20 06:46:00,R_5fSMfujdhobQxSF,*******,*******,*******,*******,*******,*******,anonymous,EN,1,"Yes, I consent",69418da4661dc6936bf50baf,51,50,,I can't think of any,0,50,,I can't think of any,0,50,,I can't think of any,50,50,,I can't think of any,50,50,,I can't think of any,50,50,,I can't think of any,51,50,,I can't think of any,50,50,,I can't think of any,50,50,,I can't think of any,0,50,,I can't think of any,complete,,69418da4661dc6936bf50baf
2026-04-20 06:40:38,2026-04-20 06:47:15,IP Address,*******,100,396,True,2026-04-20 06:47:15,R_1Y9CS7og5XXdblN,*******,*******,*******,*******,*******,*******,anonymous,EN,1,"Yes, I consent",5f88877885e51d02acd71b12,84,90,,I can't think of any,91,100,,I can't think of any,64,17,,I can't think of any,100,100,,I can't think of any,88,90,,I can't think of any,100,0,,I can't think of any,81,0,,I can't think of any,89,97,,I can't think of any,79,0,,I can't think of any,100,100,,I can't think of any,complete,,5f88877885e51d02acd71b12
2026-04-20 06:31:30,2026-04-20 06:47:45,IP Address,*******,100,974,True,2026-04-20 06:47:45,R_6oupZtaMos4pwNX,*******,*******,*******,*******,*******,*******,anonymous,EN,0.8999999761581421,"Yes, I consent",69e129d45ecd852e90e2dc3f,80,32,Smaller spots may make it harder to notice any differences between the lizard's color and the environment it's in versus larger spots,,61,48,"If there's common shade patterns in the habitat that are more vertical or horizontal, the lizard with stripes best matching those patterns has an advantage in hiding from predators",,92,50,"Color makes a significant difference in whether the lizard can blend into the natural environment, and has also been known to be a signal as to whether an animal is poisonous",,59,73,"Pointy feet give a potential signal that their feet are clawed, which may give predators pause in pursing that lizard as prey versus a lizard with round feet that looks less dangerous. They might also be better for climbing, clinging onto things like plants",,68,45,"A straight tail may make it easier for the lizard to blend in as an inanimate object like a stick, whereas the curly tail is a very distinct shape that may catch a predator's attention",,78,34,"Stripe thickness may make it harder for predators to spot the lizard depending on the environment, so the lizards with stripe patterns that camouflage better with their surroundings are the more likely to survive long enough to reproduce",,85,16,"The camouflage that comes from spots is far more useful on the back than on the belly. Belly spots mean that the lizard would have to roll over to blend in, which isn't as effective because of limbs sticking out from that body position and taking long to shift the body to a fleeing position instead of already being on its legs from back camouflage",,81,81,Spots on both back and belly could provide more camouflage options in the habitat compared to having spots on just the back,,46,50,"Ridges could be useful if placed right above vital organs, making it harder for predators to effectively bite down on that area and give a reduced chance of injury or death from an attack",,70,47,Upwards ears could make it harder to camouflage on flat surfaces,,complete,,69e129d45ecd852e90e2dc3f
2026-04-20 06:31:32,2026-04-20 06:48:04,IP Address,*******,100,991,True,2026-04-20 06:48:05,R_6YMstxJJQtvhijT,*******,*******,*******,*******,*******,*******,anonymous,EN,1,"Yes, I consent",69b809a52185379c07d4686a,68,68,"I think it has to be that bodies change when animals are pregnant and the larger spots can show that change. That's the only reason I can think of. ",,50,50,"Stripes are the same in that they are coincidental to the species, rather than related to fertility. ",,51,51,"The color is definitely varied based on species. It has nothing to do related to fertility. ",,69,33,"I think roundness is similar to a body changing in prengnancy, but that is just inference. Actual results may vary.",,17,51,,I can't think of any,51,,,I can't think of any,51,51,,I can't think of any,51,49,"All of these can be species related, not fertility rated. ",,51,52,"I do not think placement matters as it can be coincidental. ",,50,49,,I can't think of any,complete,,69b809a52185379c07d4686a
2026-04-20 06:34:21,2026-04-20 06:48:05,IP Address,*******,100,824,True,2026-04-20 06:48:05,R_3HN9BheMf0zYD1s,*******,*******,*******,*******,*******,*******,anonymous,EN,1,"Yes, I consent",609f528fba531c5195b6cd4e,70,70,"Large spots might indicate that the frog is currently fertile. It might deal with the season and the fertility of the frog.  ",,60,40,"Stripes might shift in a frog whenever it is either less or more fertile. This shift occurs whenever hormones change and the frog is more fertile. ",,73,71,A frog who is fertile might differ in colors because of the hormone in the body. Those more fertile might be a different color than those who are not.,,75,30,"Hormones that cause fertility might affect the frog's feet shape. ",,55,57,"The frog's tail might be straight or curly during shifts in hormones. Higher fertility might cause the tail to curl because of the hormone shift. ",,70,30,Stripes might indicate frog who are currently fertile. This is a sign for frogs to mate with each other whenever the stripes are larger .,,34,50,"Location might be related to either estrogen or testosterone levels in the frog. The spots might navigate to one location if the frog has high estrogen or testosterone levels, indicating better fertility, or might nativigate to the other location if the frog has low estrogen or testerone indicating worse fertility.",,80,85,"Spots on the front might show up whenever the frog is ready to mate with another. The spots show indicating the wrog is fertile. ",,11,45,,I can't think of any,23,50,"If it did affect fertility it would be related to hormones in the frog. The hormones might have caused the frog's ear to upward or downward. ",,complete,,609f528fba531c5195b6cd4e
2026-04-20 06:34:10,2026-04-20 06:48:17,IP Address,*******,100,846,True,2026-04-20 06:48:17,R_7RsLcnPO0UvvRYZ,*******,*******,*******,*******,*******,*******,anonymous,EN,1,"Yes, I consent",69d1745312a2f9a9c393a510,50,50,"Some creatures show signs of sexual maturity by their coloring.  Only if the spots were changable, i.e. they are not present in young creatures but become prominant as it reaches sexual maturity.",,50,50,"Maybe stripes are on healthy reptiles and they are not on unhealthy ones.  That would affect fertility.  If they are just a characteristic of it then, no.  ",,50,50,"Only if this is the same species.  Like the spots some creatures change color to signal it is mating time.  ",,10,50,"It would not.  The feet are very far from the sexual characteristics.  It could just be a variation.  ",,50,75,"Only if the curly tail beckons a mate like a ""come here"" kind of thing.  ",,5,50,"The only difference I could come up with is the brightness of the stripes.  Maybe a fertile female would have brighter stripes.  But stripes in general, I think it is just a characteristic of the creature.  ",,30,50,"I dn't think it would unless the spots appear or disappear depending on mating season.  ",,50,50,"If the spots are permanent, no.  If they appear after the creature matures, yes.  Or if they appear at mating time and fade after, also yes.  ",,50,50,,I can't think of any,50,75,"The two reptiles look identical.  Perhaps an upward ear is a sign of some sort of erection in a different part of the creature, signaling to the female.  ",,complete,,69d1745312a2f9a9c393a510
2026-04-20 06:34:14,2026-04-20 06:48:25,IP Address,*******,100,851,True,2026-04-20 06:48:25,R_5HhlJRz1ubxHdDx,*******,*******,*******,*******,*******,*******,anonymous,EN,1,"Yes, I consent",69dffc42b70b8d1714271cf2,60,60,"Im just using my human brain at this point but in human, larger things usually signal more fertility, or it used to anyway. thats why im saying big spots will mean more fertile",,50,50,"In my opinion these arent that different, could be just a small genetic difference",,50,50,Both lizards have colors dont really appear in the nature so Im grading them as evenly fertile,,70,78,"the curved feet look like it might handle desert terrain better, making it a better mate for females but overall fertility is questionable",,70,75,"The one with the curly tail just looks like it has more going on, so id lean towards that one being more fertile",,50,50,"I think either lizard could be more fertile than the other. I dont feel like stripe size has anything to with it, but i could be wrong",I can't think of any,80,50,"Just using critical thinking skills here, but the spots send visual data to other animals in the wild. The spots on its back could make it more noticeable to predators which would possibly cause less mating. I dont know if thats the same thing as fertility in this context. but the area for which the spots appear could also signal the inner workings of the lizard.",,80,50,Lizard 2 has more spots now which could signal the fertility of the lizard,,50,100,"upper back ridges stand out more, it just seems like it has more energy",,60,67,"same answer as the last one, the upwards ear just seems like theres more energy there",,complete,,69dffc42b70b8d1714271cf2
2026-04-20 06:40:04,2026-04-20 06:49:01,IP Address,*******,100,537,True,2026-04-20 06:49:02,R_71MmtTET78StpFt,*******,*******,*******,*******,*******,*******,anonymous,EN,0.800000011920929,"Yes, I consent",6572244f5a6d2b943074aa73,30,50,"Depending on the animal's environment, one size or the other could have a camouflage advantage, which would again, be better for the population to have passed along. ",,65,50,"Again it would likeliest have to do with a camouflage advantage, and if one or the other is better, that would be the trait that would likeliest be passed along.",,50,50,,I can't think of any,64,50,"Depending on environment, one or the other is likely advantageous for the animal, and so would be likelier to be passed along in individuals exhibiting that trait.",,40,50,,I can't think of any,61,51,"If the striping pattern were found to be related to hormonal shifts or activity in the reptile's body, that would influence fertility, potentially.",,60,43,"It's possible the spots themselves, and their location, might play a role in attracting a mate.",,60,60,"The extra spots have potentially some evolutionary advantage, so extra spotting might indicate individuals who are more likely to successfully pass along their genetic code. It could equally work the other way.",,10,50,,I can't think of any,42,50,,I can't think of any,complete,,6572244f5a6d2b943074aa73
2026-04-20 06:31:42,2026-04-20 06:49:28,IP Address,*******,100,1066,True,2026-04-20 06:49:29,R_74w1VJr5FIP4Dv3,*******,*******,*******,*******,*******,*******,anonymous,EN,1,"Yes, I consent",69dfc80acfee5e3693080e2e,52,50,,I can't think of any,49,50,,I can't think of any,68,23,"the purple could be a blend between red and blue, signifying lots of breeding ",,62,63,"could be more adept at operating in different environments ",,70,20,"Umm, maybe because it could provide a slightly different environment for eggs to be? Haha, I don't know. ",,51,4,"Maybe the thicker stripes could help with camouflaging from predators, which could be evolutionary advancement that could develop with higher fertility   ",,55,51,,I can't think of any,70,49,,I can't think of any,74,71,"Maybe something to do with a mating positioning? ",,50,80,"having the down turned ears could be more protective ",,complete,,69dfc80acfee5e3693080e2e
2026-04-20 06:32:32,2026-04-20 06:49:53,IP Address,*******,100,1041,True,2026-04-20 06:49:53,R_75Y5loXPRfhCoqB,*******,*******,*******,*******,*******,*******,anonymous,EN,0.8999999761581421,"Yes, I consent",69b3098e9a1437f8d6bbf200,11,50,,I can't think of any,19,49,,I can't think of any,62,0,"i would think purple would make the mate more appealing to one seeking a mate because of the color purple not being a everyday color in the wild ",,1,50,,I can't think of any,4,50,,I can't think of any,53,93,i would think thin more stripes would make them more attractive to the one searching out a mate,,44,0,i think the spots on the back would be easier for a potential mate to spot during mating season,,80,9,for me I would assume the spots would be used to attract a mate which in turn would make that reptile  produce more offspring,,73,89,"i would think having spikes on the upper back would be easier for a mate to see from a distance making mating easier ",,69,97,"with the ears up i would think it would make the mate more visible and seem stronger to the mate making matting more achievable ",,complete,,69b3098e9a1437f8d6bbf200
2026-04-20 06:34:26,2026-04-20 06:50:09,IP Address,*******,100,943,True,2026-04-20 06:50:09,R_7cqOVv928RXYYVV,*******,*******,*******,*******,*******,*******,anonymous,EN,1,"Yes, I consent",69a6ff98b75d30774fa1930d,30,43,,I can't think of any,8,48,,I can't think of any,32,42,,I can't think of any,45,40,"The rounded feet looks more like a female’s body that’s why more fertile ",,55,35,,I can't think of any,28,51,,I can't think of any,49,30,,I can't think of any,66,64,The more spotty one looks fertile to me,,60,30,The upper one looks more masculine than the other one.,,22,48,,I can't think of any,complete,,69a6ff98b75d30774fa1930d
2026-04-20 06:33:36,2026-04-20 06:52:06,IP Address,*******,100,1110,True,2026-04-20 06:52:06,R_1hfWeHYhW8fPImR,*******,*******,*******,*******,*******,*******,anonymous,EN,1,"Yes, I consent",697cce3dbfe2e9b4d591e05c,0,50,Same as my other 2 answers. Markings seem innocent enough and just opportunity may be affected.,,0,50,Same as other skin answers.,,70,50,"This is also similar to the feet issue. If the species is supposed to be one color and is not, it COULD be some innocent variation in the species, or it could point to a genetic defect that affects fertility. Testing would need to be done. As I answer these, it occurs that this will likely be applied to people in some way and their difference, but obviously people are different than animals and I will continue to respond in a very logical and scientific way as if it was a lizard.",,70,50,"This could be a genetic defect. Thus far all the feet have been curved. So, if the non-curved feet represent a genetic defect, it is entirely plausible that it has affected more than just the feet.",,50,60,"Perhaps a flat tail indicates a lack of excitement and energy and is a state of diminished health whereas the curly tail indicates vitality. If that were the case, it would likely affect virility and hence fertility.",,0,50,"I don't think it would, however, it may affect opportunity for fertility. If it is normal for thick lines and that is what the species is biologically made to recognize as a good mate, the thin lined lizard may still be equally fertile but have less opportunity to mate.",,0,50,"Again, just skin differences.",,0,50,"This answer would be similar to the skin stripes. It may affect opportunity, but I can't see a reason it would affect fertility.",,60,50,"Same as the other physical difference. If they stem from a genetic deviation from the species, it could also affect fertility, or it may not. ",,60,50,Same as the tail answer. May be a genetic issue and may indicate health and energy levels.,,complete,,697cce3dbfe2e9b4d591e05c
2026-04-20 06:34:21,2026-04-20 06:52:22,IP Address,*******,100,1081,True,2026-04-20 06:52:23,R_3Zp5Y4jbeoXKwIF,*******,*******,*******,*******,*******,*******,anonymous,EN,0.800000011920929,"Yes, I consent",69c065293aff7b572cae5252,31,14,,I can't think of any,52,51,,I can't think of any,51,51,maybe color indicates a genetic composition that leads to more fertility,,22,50,maybe the one with rounded feet is younger than the other,,54,86,maybe as the reptile gets older it gets a curly tail,,50,50,,I can't think of any,57,58,Maybe they have a genetic disorder that can cause less fertility,,31,77,maybe the one with spots allover is a mature one,,48,49,maybe the ones on ridges below are mature,,17,17,maybe the genetics can apply,,complete,,69c065293aff7b572cae5252
2026-04-20 06:48:01,2026-04-20 06:53:12,IP Address,*******,100,310,True,2026-04-20 06:53:12,R_6dQvIBBB6oKNgUo,*******,*******,*******,*******,*******,*******,anonymous,EN,1,"Yes, I consent",697c9de865873cf1d14b8be1,11,51,,I can't think of any,8,51,,I can't think of any,11,51,,I can't think of any,13,50,,I can't think of any,21,52,,I can't think of any,9,51,,I can't think of any,14,52,,I can't think of any,10,50,,I can't think of any,10,51,,I can't think of any,30,50,,I can't think of any,complete,,697c9de865873cf1d14b8be1
2026-04-20 06:41:50,2026-04-20 06:53:40,IP Address,*******,100,709,True,2026-04-20 06:53:40,R_6rVLtdbY31N4PJe,*******,*******,*******,*******,*******,*******,anonymous,EN,1,"Yes, I consent",69c058878cf06a39b7e34b0a,11,50,,I can't think of any,4,50,,I can't think of any,10,49,,I can't think of any,71,15,the surroundings / shape might influence the cell growth,,72,73,the cell growth might affect fertility,,10,50,,I can't think of any,9,10,that is the natural way,,11,80,,I can't think of any,50,68,"they can ""defend"" themselves better",,69,80,that is how they have their ear orientation,,complete,,69c058878cf06a39b7e34b0a
2026-04-20 06:42:12,2026-04-20 06:53:51,IP Address,*******,100,698,True,2026-04-20 06:53:51,R_7EFiAdZZyUur4ke,*******,*******,*******,*******,*******,*******,anonymous,EN,1,"Yes, I consent",69dc36cf3d7d88c4d6cb980f,79,86,It’s probably not the case but the larger spots would seem to mean higher fertility. I really don’t know why the correlation would exist but potentially a signal to the mate and the mate would more easily see the frog?,,60,,"The frog with the ability to blend into their environment survives over generations and can more strategically obtain more nutritious food. ",,61,100,"Potentially evolutionarily one color is more attractive or easier to see. That could cause the other colors to essentially die off or increase the fertility of the other color. ",,82,100,"The frog with the curved foot shape could be more likely to catch higher volumes of food and more nutritious food leading to increased fertility. ",,50,50,,I can't think of any,52,49,"Depending on the environment one type of stripe may allow the frog to blend into their environment which would allow their type to survive generations. Also they would be able to better obtain food if they can blend into their environment. ",,60,0,"I would posit that it has to do with the ability of the type of frog to survive. Spots on the back may allow the frog to blend in and survive, leading to natural selection. ",,50,50,,I can't think of any,59,52,,I can't think of any,52,53,,I can't think of any,complete,,69dc36cf3d7d88c4d6cb980f
2026-04-20 06:34:47,2026-04-20 06:55:41,IP Address,*******,100,1253,True,2026-04-20 06:55:41,R_7ruIOpksWZqQ7wo,*******,*******,*******,*******,*******,*******,anonymous,EN,1,"Yes, I consent",69e14dcb8731e5cddff8fe63,3,50,,I can't think of any,29,51,,I can't think of any,4,50,,I can't think of any,51,50,,I can't think of any,3,50,,I can't think of any,1,50,,I can't think of any,8,49,,I can't think of any,2,50,,I can't think of any,50,50,,I can't think of any,7,49,,I can't think of any,complete,,69e14dcb8731e5cddff8fe63
2026-04-20 06:54:26,2026-04-20 06:59:42,IP Address,*******,100,315,True,2026-04-20 06:59:42,R_5LFldLh41jiGtDK,*******,*******,*******,*******,*******,*******,anonymous,EN,1,"Yes, I consent",66bf66ddeb466531b167c449,51,51,"I can't think of fertility alone for these traits ",,49,49,"My answer is the same, I'm not sure if fertility reason plays a part, but I'm sure it has something to do with something ",,58,51,"Again, darwinism, what traits are preferred ",,54,55,,I can't think of any,52,52,"Plausible as to what traits is more desirable ",,53,53,,I can't think of any,53,55,,I can't think of any,53,52,,I can't think of any,57,75,"Whatever traits are more attractive ",,74,76,"Darwin, certain features are more attractive ",,complete,,66bf66ddeb466531b167c449
2026-04-20 07:07:54,2026-04-20 07:13:34,IP Address,*******,100,339,True,2026-04-20 07:13:34,R_6uCCrI5fAqtwpFw,*******,*******,*******,*******,*******,*******,anonymous,EN,1,"Yes, I consent",611722f2f782899ff22ed1ed,0,97,Larger spots could increase visibility of the reptile to attract a mate.,,7,50,,I can't think of any,72,51,"If one color is more visible or vibrant to other reptiles, it could make those reptiles more fertile.",,5,88,Foot shape that makes it easier for the reptile to hold on to surfaces and survive could be related to higher fertility.,,11,99,Curly tail seems more distinctive/could attract a mate.,,19,4,Thicker stripes could increase the reptile's visibility to other reptiles and could make it easier for them to attract a mate.,,71,4,Spots on back could be more visible to other reptiles and make it easier for them to attract a mate.,,21,92,More spots make the reptile more visible to others and could make it easier for them to attract a mate.,,10,52,,I can't think of any,20,97,The upwards ear increases the reptile's visibility to others and could make it easier for them to attract a mate.,,complete,,611722f2f782899ff22ed1ed
