participant,task,model_param_score,conditionOrder,relevant_dim,irrelevant_dim,feet_high,stripes_high,feet_low,stripes_low,feet_discrete_slider.response,stripes_discrete_slider.response,feet_reported_relevant,stripes_reported_relevant,cogpro_explain,cogpro_predict,overfit
1,accommodate,0,199,feet,stripes,F,W,C,E,No,No,0,0,7.0,7.0,False
2,accommodate,2,208,stripes,feet,F,E,C,W,Yes,Yes,1,1,7.0,5.0,True
3,accommodate,2,79,feet,stripes,F,E,C,W,Yes,Yes,1,1,6.0,7.0,True
4,accommodate,2,193,feet,stripes,C,W,F,E,Yes,Yes,1,1,5.0,4.0,True
5,accommodate,2,80,stripes,feet,C,E,F,W,Yes,Yes,1,1,7.0,6.0,True
6,accommodate,0,146,stripes,feet,F,W,C,E,No,No,0,0,2.0,3.0,False
7,accommodate,1,77,feet,stripes,C,W,F,E,Yes,No,1,0,7.0,7.0,False
8,accommodate,0,154,stripes,feet,F,W,C,E,No,No,0,0,1.0,1.0,False
9,accommodate,0,135,feet,stripes,F,E,C,W,No,No,0,0,7.0,1.0,False
10,accommodate,0,110,stripes,feet,F,W,C,E,No,No,0,0,4.0,4.0,False
11,accommodate,1,152,stripes,feet,C,E,F,W,No,Yes,0,1,5.0,5.0,False
12,accommodate,1,17,feet,stripes,C,E,F,W,Yes,No,1,0,7.0,7.0,False
13,accommodate,2,202,stripes,feet,F,W,C,E,Yes,Yes,1,1,7.0,7.0,True
14,accommodate,2,219,feet,stripes,F,E,C,W,Yes,Yes,1,1,6.0,6.0,True
15,accommodate,2,41,feet,stripes,C,W,F,E,Yes,Yes,1,1,6.0,5.0,True
16,accommodate,2,187,feet,stripes,F,E,C,W,Yes,Yes,1,1,5.0,7.0,True
17,accommodate,0,33,feet,stripes,C,E,F,W,No,No,0,0,1.0,1.0,False
18,accommodate,2,61,feet,stripes,C,W,F,E,Yes,Yes,1,1,6.0,6.0,True
19,accommodate,1,139,feet,stripes,F,W,C,E,No,Yes,0,1,7.0,5.0,False
20,accommodate,0,125,feet,stripes,C,W,F,E,No,No,0,0,7.0,1.0,False
21,accommodate,1,6,stripes,feet,C,W,F,E,Yes,No,1,0,6.0,6.0,False
22,accommodate,1,216,stripes,feet,C,E,F,W,Yes,No,1,0,7.0,6.0,False
23,accommodate,1,106,stripes,feet,F,W,C,E,No,Yes,0,1,5.0,4.0,False
24,accommodate,1,149,feet,stripes,C,W,F,E,Yes,No,1,0,6.0,4.0,False
25,accommodate,1,47,feet,stripes,F,W,C,E,Yes,No,1,0,7.0,4.0,False
26,accommodate,1,99,feet,stripes,F,W,C,E,No,Yes,0,1,7.0,7.0,False
27,accommodate,1,103,feet,stripes,F,W,C,E,Yes,No,1,0,7.0,7.0,False
28,accommodate,0,203,feet,stripes,F,W,C,E,No,No,0,0,7.0,7.0,False
29,accommodate,2,113,feet,stripes,C,W,F,E,Yes,Yes,1,1,7.0,7.0,True
30,accommodate,1,75,feet,stripes,F,E,C,W,Yes,No,1,0,7.0,7.0,False
31,accommodate,1,24,stripes,feet,C,E,F,W,No,Yes,0,1,7.0,6.0,False
32,accommodate,2,215,feet,stripes,F,E,C,W,Yes,Yes,1,1,7.0,5.0,True
33,accommodate,0,118,stripes,feet,F,W,C,E,No,No,0,0,7.0,7.0,False
34,accommodate,1,57,feet,stripes,C,E,F,W,No,Yes,0,1,7.0,7.0,False
35,accommodate,1,90,stripes,feet,F,W,C,E,Yes,No,1,0,5.0,6.0,False
36,accommodate,0,175,feet,stripes,F,W,C,E,No,No,0,0,5.0,3.0,False
37,accommodate,2,3,feet,stripes,F,W,C,E,Yes,Yes,1,1,5.0,5.0,True
38,accommodate,1,151,feet,stripes,F,E,C,W,No,Yes,0,1,7.0,7.0,False
39,accommodate,1,13,feet,stripes,C,W,F,E,No,Yes,0,1,6.0,6.0,False
40,accommodate,0,213,feet,stripes,C,W,F,E,No,No,0,0,1.0,1.0,False
41,accommodate,0,108,stripes,feet,C,E,F,W,No,No,0,0,2.0,3.0,False
42,accommodate,0,82,stripes,feet,C,W,F,E,No,No,0,0,6.0,6.0,False
43,accommodate,2,156,stripes,feet,F,E,C,W,Yes,Yes,1,1,7.0,7.0,True
44,accommodate,1,7,feet,stripes,F,W,C,E,Yes,No,1,0,4.0,3.0,False
45,accommodate,1,115,feet,stripes,F,W,C,E,Yes,No,1,0,2.0,7.0,False
46,accommodate,0,66,stripes,feet,F,W,C,E,No,No,0,0,4.0,6.0,False
47,accommodate,2,112,stripes,feet,F,E,C,W,Yes,Yes,1,1,4.0,6.0,True
48,accommodate,0,67,feet,stripes,F,W,C,E,No,No,0,0,7.0,4.0,False
49,accommodate,1,104,stripes,feet,F,E,C,W,No,Yes,0,1,6.0,6.0,False
50,accommodate,1,188,stripes,feet,C,E,F,W,No,Yes,0,1,4.0,3.0,False
51,accommodate,0,27,feet,stripes,F,E,C,W,No,No,0,0,5.0,4.0,False
52,accommodate,2,212,stripes,feet,C,E,F,W,Yes,Yes,1,1,7.0,1.0,True
53,accommodate,0,16,stripes,feet,C,E,F,W,No,No,0,0,7.0,6.0,False
54,accommodate,1,119,feet,stripes,F,W,C,E,No,Yes,0,1,6.0,6.0,False
55,accommodate,0,150,stripes,feet,F,W,C,E,No,No,0,0,1.0,1.0,False
56,accommodate,2,43,feet,stripes,F,E,C,W,Yes,Yes,1,1,2.0,6.0,True
57,accommodate,1,194,stripes,feet,F,W,C,E,No,Yes,0,1,5.0,6.0,False
58,accommodate,2,4,stripes,feet,F,E,C,W,Yes,Yes,1,1,4.0,4.0,True
59,accommodate,1,39,feet,stripes,F,E,C,W,Yes,No,1,0,4.0,6.0,False
60,accommodate,0,138,stripes,feet,F,W,C,E,No,No,0,0,3.0,5.0,False
61,accommodate,2,130,stripes,feet,C,W,F,E,Yes,Yes,1,1,6.0,7.0,True
62,accommodate,2,81,feet,stripes,C,E,F,W,Yes,Yes,1,1,1.0,5.0,True
63,accommodate,1,189,feet,stripes,C,W,F,E,Yes,No,1,0,1.0,2.0,False
64,accommodate,0,160,stripes,feet,C,E,F,W,No,No,0,0,5.0,6.0,False
65,accommodate,0,184,stripes,feet,F,E,C,W,No,No,0,0,3.0,3.0,False
66,accommodate,1,143,feet,stripes,F,E,C,W,Yes,No,1,0,7.0,7.0,False
67,accommodate,0,142,stripes,feet,F,W,C,E,No,No,0,0,3.0,3.0,False
68,accommodate,1,206,stripes,feet,F,W,C,E,No,Yes,0,1,7.0,6.0,False
69,accommodate,1,68,stripes,feet,C,E,F,W,No,Yes,0,1,2.0,5.0,False
70,accommodate,0,74,stripes,feet,F,W,C,E,No,No,0,0,3.0,3.0,False
71,accommodate,1,49,feet,stripes,C,E,F,W,Yes,No,1,0,7.0,7.0,False
72,accommodate,1,34,stripes,feet,F,W,C,E,Yes,No,1,0,5.0,5.0,False
73,accommodate,2,8,stripes,feet,C,E,F,W,Yes,Yes,1,1,3.0,5.0,True
74,accommodate,2,71,feet,stripes,F,E,C,W,Yes,Yes,1,1,6.0,6.0,True
75,accommodate,2,161,feet,stripes,C,E,F,W,Yes,Yes,1,1,7.0,7.0,True
76,accommodate,1,163,feet,stripes,F,W,C,E,No,Yes,0,1,7.0,7.0,False
77,accommodate,1,37,feet,stripes,C,E,F,W,No,Yes,0,1,7.0,3.0,False
78,accommodate,2,83,feet,stripes,F,W,C,E,Yes,Yes,1,1,7.0,7.0,True
79,accommodate,1,210,stripes,feet,C,W,F,E,No,Yes,0,1,5.0,5.0,False
80,accommodate,0,186,stripes,feet,F,W,C,E,No,No,0,0,7.0,7.0,False
81,accommodate,0,42,stripes,feet,C,W,F,E,No,No,0,0,5.0,5.0,False
82,accommodate,0,214,stripes,feet,C,W,F,E,No,No,0,0,6.0,6.0,False
83,accommodate,1,5,feet,stripes,C,E,F,W,Yes,No,1,0,7.0,7.0,False
84,accommodate,0,183,feet,stripes,F,W,C,E,No,No,0,0,6.0,5.0,False
85,accommodate,1,22,stripes,feet,F,W,C,E,No,Yes,0,1,1.0,7.0,False
86,accommodate,0,174,stripes,feet,F,W,C,E,No,No,0,0,7.0,2.0,False
87,accommodate,0,123,feet,stripes,F,E,C,W,No,No,0,0,2.0,2.0,False
88,accommodate,1,2,stripes,feet,F,W,C,E,No,Yes,0,1,7.0,7.0,False
89,accommodate,0,176,stripes,feet,F,E,C,W,No,No,0,0,1.0,2.0,False
90,accommodate,0,25,feet,stripes,C,W,F,E,No,No,0,0,4.0,4.0,False
91,accommodate,2,133,feet,stripes,C,E,F,W,Yes,Yes,1,1,7.0,7.0,True
92,accommodate,1,18,stripes,feet,F,W,C,E,Yes,No,1,0,5.0,7.0,False
93,accommodate,2,35,feet,stripes,F,W,C,E,Yes,Yes,1,1,5.0,5.0,True
94,accommodate,0,28,stripes,feet,F,E,C,W,No,No,0,0,7.0,7.0,False
95,accommodate,0,158,stripes,feet,C,W,F,E,No,No,0,0,1.0,1.0,False
96,accommodate,2,200,stripes,feet,F,E,C,W,Yes,Yes,1,1,5.0,5.0,True
97,accommodate,2,180,stripes,feet,F,E,C,W,Yes,Yes,1,1,7.0,7.0,True
98,accommodate,0,91,feet,stripes,F,W,C,E,No,No,0,0,6.0,3.0,False
99,accommodate,2,50,stripes,feet,C,W,F,E,Yes,Yes,1,1,1.0,6.0,True
100,accommodate,1,10,stripes,feet,C,W,F,E,No,Yes,0,1,7.0,7.0,False
101,accommodate,0,73,feet,stripes,C,W,F,E,No,No,0,0,7.0,7.0,False
102,accommodate,1,192,stripes,feet,C,E,F,W,Yes,No,1,0,5.0,6.0,False
103,accommodate,2,171,feet,stripes,F,E,C,W,Yes,Yes,1,1,3.0,2.0,True
104,accommodate,1,117,feet,stripes,C,E,F,W,No,Yes,0,1,7.0,6.0,False
105,accommodate,2,51,feet,stripes,F,E,C,W,Yes,Yes,1,1,6.0,6.0,True
106,accommodate,2,157,feet,stripes,C,E,F,W,Yes,Yes,1,1,5.0,5.0,True
107,accommodate,1,29,feet,stripes,C,W,F,E,Yes,No,1,0,7.0,6.0,False
108,accommodate,1,19,feet,stripes,F,W,C,E,No,Yes,0,1,4.0,3.0,False
109,accommodate,1,93,feet,stripes,C,E,F,W,No,Yes,0,1,6.0,6.0,False
110,accommodate,1,167,feet,stripes,F,E,C,W,Yes,No,1,0,4.0,7.0,False
111,accommodate,0,107,feet,stripes,F,E,C,W,No,No,0,0,1.0,1.0,False
112,accommodate,0,56,stripes,feet,C,E,F,W,No,No,0,0,7.0,7.0,False
113,accommodate,1,20,stripes,feet,C,E,F,W,No,Yes,0,1,6.0,7.0,False
114,accommodate,0,217,feet,stripes,C,W,F,E,No,No,0,0,7.0,7.0,False
115,accommodate,0,177,feet,stripes,C,W,F,E,No,No,0,0,7.0,7.0,False
116,accommodate,0,205,feet,stripes,C,W,F,E,No,No,0,0,1.0,1.0,False
117,accommodate,1,98,stripes,feet,F,W,C,E,Yes,No,1,0,6.0,3.0,False
118,accommodate,1,85,feet,stripes,C,W,F,E,Yes,No,1,0,5.0,6.0,False
119,accommodate,0,155,feet,stripes,F,W,C,E,No,No,0,0,7.0,1.0,False
120,accommodate,1,201,feet,stripes,C,E,F,W,Yes,No,1,0,5.0,6.0,False
121,accommodate,1,86,stripes,feet,C,W,F,E,Yes,No,1,0,7.0,7.0,False
122,accommodate,1,185,feet,stripes,C,E,F,W,Yes,No,1,0,7.0,7.0,False
123,accommodate,1,88,stripes,feet,C,E,F,W,Yes,No,1,0,3.0,4.0,False
124,accommodate,1,11,feet,stripes,F,E,C,W,Yes,No,1,0,7.0,6.0,False
125,accommodate,0,100,stripes,feet,C,E,F,W,No,No,0,0,2.0,5.0,False
126,accommodate,1,97,feet,stripes,C,E,F,W,Yes,No,1,0,7.0,7.0,False
127,accommodate,1,120,stripes,feet,C,E,F,W,No,Yes,0,1,7.0,6.0,False
128,accommodate,1,136,stripes,feet,F,E,C,W,No,Yes,0,1,6.0,2.0,False
129,accommodate,2,153,feet,stripes,C,W,F,E,Yes,Yes,1,1,6.0,6.0,True
130,accommodate,1,53,feet,stripes,C,E,F,W,No,Yes,0,1,4.0,1.0,False
131,accommodate,1,23,feet,stripes,F,E,C,W,Yes,No,1,0,4.0,4.0,False
132,accommodate,0,144,stripes,feet,F,E,C,W,No,No,0,0,7.0,7.0,False
133,accommodate,1,147,feet,stripes,F,E,C,W,Yes,No,1,0,6.0,3.0,False
134,accommodate,1,101,feet,stripes,C,E,F,W,No,Yes,0,1,4.0,5.0,False
135,accommodate,2,168,stripes,feet,F,E,C,W,Yes,Yes,1,1,6.0,4.0,True
136,accommodate,1,14,stripes,feet,F,W,C,E,Yes,No,1,0,7.0,4.0,False
137,accommodate,2,21,feet,stripes,C,W,F,E,Yes,Yes,1,1,5.0,3.0,True
138,accommodate,0,69,feet,stripes,C,E,F,W,No,No,0,0,7.0,4.0,False
139,accommodate,0,190,stripes,feet,F,W,C,E,No,No,0,0,1.0,1.0,False
140,accommodate,2,40,stripes,feet,C,E,F,W,Yes,Yes,1,1,5.0,3.0,True
141,accommodate,2,220,stripes,feet,F,E,C,W,Yes,Yes,1,1,7.0,7.0,True
142,accommodate,2,58,stripes,feet,C,W,F,E,Yes,Yes,1,1,7.0,7.0,True
143,accommodate,0,32,stripes,feet,C,E,F,W,No,No,0,0,5.0,6.0,False
144,accommodate,1,30,stripes,feet,F,W,C,E,No,Yes,0,1,2.0,6.0,False
145,accommodate,2,191,feet,stripes,F,E,C,W,Yes,Yes,1,1,1.0,1.0,True
146,accommodate,0,76,stripes,feet,F,E,C,W,No,No,0,0,1.0,1.0,False
147,accommodate,2,116,stripes,feet,C,E,F,W,Yes,Yes,1,1,5.0,7.0,True
148,accommodate,2,31,feet,stripes,F,W,C,E,Yes,Yes,1,1,7.0,7.0,True
149,accommodate,2,102,stripes,feet,C,W,F,E,Yes,Yes,1,1,7.0,6.0,True
150,accommodate,1,70,stripes,feet,C,W,F,E,Yes,No,1,0,6.0,5.0,False
151,accommodate,0,170,stripes,feet,F,W,C,E,No,No,0,0,3.0,2.0,False
152,accommodate,1,52,stripes,feet,C,E,F,W,No,Yes,0,1,7.0,7.0,False
153,accommodate,1,78,stripes,feet,F,W,C,E,No,Yes,0,1,3.0,3.0,False
154,accommodate,1,111,feet,stripes,F,E,C,W,No,Yes,0,1,4.0,4.0,False
155,accommodate,1,204,stripes,feet,C,E,F,W,No,Yes,0,1,7.0,7.0,False
156,accommodate,0,126,stripes,feet,C,W,F,E,No,No,0,0,1.0,1.0,False
157,accommodate,0,132,stripes,feet,C,E,F,W,No,No,0,0,6.0,6.0,False
158,accommodate,1,145,feet,stripes,C,W,F,E,No,Yes,0,1,4.0,6.0,False
159,accommodate,0,172,stripes,feet,F,E,C,W,No,No,0,0,1.0,2.0,False
160,accommodate,0,72,stripes,feet,C,E,F,W,No,No,0,0,4.0,7.0,False
161,accommodate,0,45,feet,stripes,C,W,F,E,No,No,0,0,6.0,6.0,False
162,accommodate,0,65,feet,stripes,C,E,F,W,No,No,0,0,3.0,5.0,False
163,accommodate,1,36,stripes,feet,F,E,C,W,Yes,No,1,0,6.0,4.0,False
164,accommodate,2,122,stripes,feet,C,W,F,E,Yes,Yes,1,1,1.0,5.0,True
165,accommodate,0,148,stripes,feet,C,E,F,W,No,No,0,0,6.0,4.0,False
166,accommodate,1,87,feet,stripes,F,W,C,E,Yes,No,1,0,7.0,5.0,False
167,accommodate,1,127,feet,stripes,F,W,C,E,No,Yes,0,1,4.0,4.0,False
168,accommodate,0,95,feet,stripes,F,W,C,E,No,No,0,0,6.0,5.0,False
169,accommodate,1,198,stripes,feet,C,W,F,E,Yes,No,1,0,6.0,6.0,False
170,accommodate,1,165,feet,stripes,C,W,F,E,Yes,No,1,0,7.0,7.0,False
171,accommodate,2,44,stripes,feet,F,E,C,W,Yes,Yes,1,1,2.0,6.0,True
172,accommodate,1,62,stripes,feet,C,W,F,E,Yes,No,1,0,7.0,7.0,False
173,accommodate,1,209,feet,stripes,C,E,F,W,No,Yes,0,1,7.0,7.0,False
174,accommodate,1,218,stripes,feet,C,W,F,E,Yes,No,1,0,3.0,5.0,False
175,accommodate,0,84,stripes,feet,C,E,F,W,No,No,0,0,6.0,7.0,False
176,accommodate,1,169,feet,stripes,C,W,F,E,Yes,No,1,0,7.0,5.0,False
177,accommodate,1,128,stripes,feet,C,E,F,W,No,Yes,0,1,6.0,4.0,False
178,accommodate,0,38,stripes,feet,F,W,C,E,No,No,0,0,3.0,4.0,False
179,accommodate,1,207,feet,stripes,F,W,C,E,Yes,No,1,0,7.0,7.0,False
180,accommodate,0,140,stripes,feet,C,E,F,W,No,No,0,0,1.0,1.0,False
181,accommodate,1,195,feet,stripes,F,W,C,E,No,Yes,0,1,7.0,7.0,False
182,accommodate,2,197,feet,stripes,C,W,F,E,Yes,Yes,1,1,6.0,5.0,True
183,accommodate,0,63,feet,stripes,F,E,C,W,No,No,0,0,7.0,2.0,False
184,accommodate,1,96,stripes,feet,F,E,C,W,No,Yes,0,1,6.0,7.0,False
185,accommodate,2,64,stripes,feet,F,E,C,W,Yes,Yes,1,1,4.0,4.0,True
186,accommodate,1,12,stripes,feet,C,E,F,W,Yes,No,1,0,7.0,7.0,False
187,accommodate,0,89,feet,stripes,C,E,F,W,No,No,0,0,6.0,3.0,False
188,accommodate,1,26,stripes,feet,C,W,F,E,Yes,No,1,0,6.0,6.0,False
189,accommodate,1,1,feet,stripes,C,W,F,E,No,Yes,0,1,7.0,7.0,False
190,accommodate,0,196,stripes,feet,C,E,F,W,No,No,0,0,3.0,5.0,False
191,accommodate,2,55,feet,stripes,F,E,C,W,Yes,Yes,1,1,6.0,6.0,True
192,accommodate,0,94,stripes,feet,F,W,C,E,No,No,0,0,1.0,1.0,False
193,accommodate,1,182,stripes,feet,F,W,C,E,No,Yes,0,1,4.0,5.0,False
194,accommodate,1,173,feet,stripes,C,E,F,W,No,Yes,0,1,5.0,5.0,False
195,accommodate,2,59,feet,stripes,F,W,C,E,Yes,Yes,1,1,5.0,5.0,True
196,accommodate,2,211,feet,stripes,F,E,C,W,Yes,Yes,1,1,7.0,7.0,True
197,accommodate,2,15,feet,stripes,F,W,C,E,Yes,Yes,1,1,7.0,7.0,True
198,accommodate,1,164,stripes,feet,F,E,C,W,Yes,No,1,0,5.0,2.0,False
199,accommodate,2,105,feet,stripes,C,E,F,W,Yes,Yes,1,1,4.0,6.0,True
200,accommodate,1,54,stripes,feet,C,W,F,E,No,Yes,0,1,1.0,7.0,False
201,accommodate,0,181,feet,stripes,C,E,F,W,No,No,0,0,3.0,4.0,False
202,accommodate,2,166,stripes,feet,F,W,C,E,Yes,Yes,1,1,6.0,7.0,True
203,accommodate,1,178,stripes,feet,C,W,F,E,No,Yes,0,1,5.0,6.0,False
204,accommodate,2,60,stripes,feet,C,E,F,W,Yes,Yes,1,1,4.0,6.0,True
205,accommodate,0,131,feet,stripes,F,E,C,W,No,No,0,0,2.0,1.0,False
206,accommodate,2,121,feet,stripes,C,E,F,W,Yes,Yes,1,1,3.0,6.0,True
207,accommodate,0,141,feet,stripes,C,E,F,W,No,No,0,0,1.0,1.0,False
208,accommodate,1,137,feet,stripes,C,E,F,W,Yes,No,1,0,7.0,7.0,False
209,accommodate,2,179,feet,stripes,F,W,C,E,Yes,Yes,1,1,3.0,1.0,True
210,accommodate,0,48,stripes,feet,C,E,F,W,No,No,0,0,4.0,6.0,False
211,accommodate,1,92,stripes,feet,C,E,F,W,Yes,No,1,0,6.0,6.0,False
212,accommodate,0,159,feet,stripes,F,W,C,E,No,No,0,0,7.0,6.0,False
213,accommodate,0,109,feet,stripes,C,E,F,W,No,No,0,0,6.0,4.0,False
214,accommodate,2,129,feet,stripes,C,W,F,E,Yes,Yes,1,1,6.0,5.0,True
215,accommodate,2,124,stripes,feet,F,E,C,W,Yes,Yes,1,1,4.0,5.0,True
216,accommodate,1,162,stripes,feet,F,W,C,E,No,Yes,0,1,6.0,2.0,False
217,accommodate,1,9,feet,stripes,C,E,F,W,Yes,No,1,0,1.0,7.0,False
218,accommodate,2,46,stripes,feet,F,W,C,E,Yes,Yes,1,1,2.0,7.0,True
219,accommodate,1,114,stripes,feet,F,W,C,E,Yes,No,1,0,7.0,7.0,False
220,predict,0,13,feet,stripes,C,W,F,E,No,No,0,0,6.0,2.0,False
221,predict,1,86,stripes,feet,C,W,F,E,No,Yes,0,1,2.0,4.0,False
222,predict,1,27,feet,stripes,F,E,C,W,No,Yes,0,1,4.0,4.0,False
223,predict,2,21,feet,stripes,C,W,F,E,Yes,Yes,1,1,7.0,7.0,True
224,predict,2,110,stripes,feet,F,W,C,E,Yes,Yes,1,1,6.0,6.0,True
225,predict,2,140,stripes,feet,C,E,F,W,Yes,Yes,1,1,6.0,6.0,True
226,predict,0,24,stripes,feet,C,E,F,W,No,No,0,0,7.0,7.0,False
227,predict,0,161,feet,stripes,C,E,F,W,No,No,0,0,3.0,7.0,False
228,predict,0,154,stripes,feet,F,W,C,E,No,No,0,0,3.0,7.0,False
229,predict,1,119,feet,stripes,F,W,C,E,Yes,No,1,0,5.0,5.0,False
230,predict,2,83,feet,stripes,F,W,C,E,Yes,Yes,1,1,6.0,6.0,True
231,predict,2,32,stripes,feet,C,E,F,W,Yes,Yes,1,1,6.0,3.0,True
232,predict,0,73,feet,stripes,C,W,F,E,No,No,0,0,5.0,7.0,False
233,predict,2,100,stripes,feet,C,E,F,W,Yes,Yes,1,1,4.0,5.0,True
234,predict,0,92,stripes,feet,C,E,F,W,No,No,0,0,4.0,7.0,False
235,predict,1,9,feet,stripes,C,E,F,W,Yes,No,1,0,2.0,6.0,False
236,predict,0,88,stripes,feet,C,E,F,W,No,No,0,0,7.0,7.0,False
237,predict,0,115,feet,stripes,F,W,C,E,No,No,0,0,2.0,2.0,False
238,predict,1,7,feet,stripes,F,W,C,E,No,Yes,0,1,2.0,4.0,False
239,predict,2,62,stripes,feet,C,W,F,E,Yes,Yes,1,1,6.0,7.0,True
240,predict,1,26,stripes,feet,C,W,F,E,No,Yes,0,1,5.0,5.0,False
241,predict,1,11,feet,stripes,F,E,C,W,No,Yes,0,1,4.0,5.0,False
242,predict,1,139,feet,stripes,F,W,C,E,No,Yes,0,1,3.0,3.0,False
243,predict,0,104,stripes,feet,F,E,C,W,No,No,0,0,1.0,1.0,False
244,predict,1,61,feet,stripes,C,W,F,E,Yes,No,1,0,5.0,3.0,False
245,predict,0,68,stripes,feet,C,E,F,W,No,No,0,0,2.0,2.0,False
246,predict,1,160,stripes,feet,C,E,F,W,No,Yes,0,1,4.0,5.0,False
247,predict,1,91,feet,stripes,F,W,C,E,No,Yes,0,1,3.0,3.0,False
248,predict,2,67,feet,stripes,F,W,C,E,Yes,Yes,1,1,5.0,3.0,True
249,predict,0,168,stripes,feet,F,E,C,W,No,No,0,0,4.0,1.0,False
250,predict,2,69,feet,stripes,C,E,F,W,Yes,Yes,1,1,7.0,7.0,True
251,predict,1,76,stripes,feet,F,E,C,W,No,Yes,0,1,7.0,3.0,False
252,predict,1,184,stripes,feet,F,E,C,W,Yes,No,1,0,7.0,6.0,False
253,predict,2,155,feet,stripes,F,W,C,E,Yes,Yes,1,1,3.0,2.0,True
254,predict,2,56,stripes,feet,C,E,F,W,Yes,Yes,1,1,5.0,6.0,True
255,predict,2,36,stripes,feet,F,E,C,W,Yes,Yes,1,1,2.0,5.0,True
256,predict,1,185,feet,stripes,C,E,F,W,Yes,No,1,0,2.0,7.0,False
257,predict,1,172,stripes,feet,F,E,C,W,No,Yes,0,1,7.0,7.0,False
258,predict,0,47,feet,stripes,F,W,C,E,No,No,0,0,3.0,7.0,False
259,predict,1,75,feet,stripes,F,E,C,W,No,Yes,0,1,5.0,7.0,False
260,predict,2,60,stripes,feet,C,E,F,W,Yes,Yes,1,1,7.0,7.0,True
261,predict,1,164,stripes,feet,F,E,C,W,No,Yes,0,1,4.0,3.0,False
262,predict,2,128,stripes,feet,C,E,F,W,Yes,Yes,1,1,3.0,4.0,True
263,predict,0,31,feet,stripes,F,W,C,E,No,No,0,0,7.0,7.0,False
264,predict,0,65,feet,stripes,C,E,F,W,No,No,0,0,3.0,3.0,False
265,predict,2,156,stripes,feet,F,E,C,W,Yes,Yes,1,1,2.0,4.0,True
266,predict,0,195,feet,stripes,F,W,C,E,No,No,0,0,7.0,7.0,False
267,predict,1,113,feet,stripes,C,W,F,E,Yes,No,1,0,2.0,6.0,False
268,predict,1,176,stripes,feet,F,E,C,W,Yes,No,1,0,7.0,7.0,False
269,predict,1,144,stripes,feet,F,E,C,W,No,Yes,0,1,5.0,7.0,False
270,predict,1,124,stripes,feet,F,E,C,W,No,Yes,0,1,2.0,6.0,False
271,predict,0,12,stripes,feet,C,E,F,W,No,No,0,0,2.0,2.0,False
272,predict,1,16,stripes,feet,C,E,F,W,No,Yes,0,1,5.0,7.0,False
273,predict,2,197,feet,stripes,C,W,F,E,Yes,Yes,1,1,4.0,3.0,True
274,predict,2,23,feet,stripes,F,E,C,W,Yes,Yes,1,1,4.0,6.0,True
275,predict,2,146,stripes,feet,F,W,C,E,Yes,Yes,1,1,6.0,5.0,True
276,predict,2,179,feet,stripes,F,W,C,E,Yes,Yes,1,1,5.0,5.0,True
277,predict,1,77,feet,stripes,C,W,F,E,Yes,No,1,0,7.0,7.0,False
278,predict,1,117,feet,stripes,C,E,F,W,Yes,No,1,0,3.0,7.0,False
279,predict,1,105,feet,stripes,C,E,F,W,Yes,No,1,0,1.0,7.0,False
280,predict,1,45,feet,stripes,C,W,F,E,No,Yes,0,1,2.0,4.0,False
281,predict,1,205,feet,stripes,C,W,F,E,No,Yes,0,1,1.0,7.0,False
282,predict,0,120,stripes,feet,C,E,F,W,No,No,0,0,7.0,7.0,False
283,predict,2,108,stripes,feet,C,E,F,W,Yes,Yes,1,1,6.0,7.0,True
284,predict,2,149,feet,stripes,C,W,F,E,Yes,Yes,1,1,6.0,4.0,True
285,predict,1,35,feet,stripes,F,W,C,E,No,Yes,0,1,6.0,5.0,False
286,predict,0,186,stripes,feet,F,W,C,E,No,No,0,0,1.0,1.0,False
287,predict,1,18,stripes,feet,F,W,C,E,No,Yes,0,1,2.0,7.0,False
288,predict,2,126,stripes,feet,C,W,F,E,Yes,Yes,1,1,2.0,2.0,True
289,predict,1,180,stripes,feet,F,E,C,W,No,Yes,0,1,3.0,7.0,False
290,predict,0,215,feet,stripes,F,E,C,W,No,No,0,0,2.0,1.0,False
291,predict,1,133,feet,stripes,C,E,F,W,No,Yes,0,1,5.0,5.0,False
292,predict,1,87,feet,stripes,F,W,C,E,No,Yes,0,1,5.0,6.0,False
293,predict,0,181,feet,stripes,C,E,F,W,No,No,0,0,7.0,3.0,False
294,predict,1,80,stripes,feet,C,E,F,W,No,Yes,0,1,5.0,5.0,False
295,predict,1,52,stripes,feet,C,E,F,W,No,Yes,0,1,3.0,7.0,False
296,predict,0,43,feet,stripes,F,E,C,W,No,No,0,0,3.0,4.0,False
297,predict,2,188,stripes,feet,C,E,F,W,Yes,Yes,1,1,2.0,7.0,True
298,predict,0,28,stripes,feet,F,E,C,W,No,No,0,0,3.0,5.0,False
299,predict,1,147,feet,stripes,F,E,C,W,No,Yes,0,1,6.0,7.0,False
300,predict,1,217,feet,stripes,C,W,F,E,Yes,No,1,0,6.0,6.0,False
301,predict,2,166,stripes,feet,F,W,C,E,Yes,Yes,1,1,6.0,7.0,True
302,predict,0,189,feet,stripes,C,W,F,E,No,No,0,0,3.0,3.0,False
303,predict,2,214,stripes,feet,C,W,F,E,Yes,Yes,1,1,6.0,6.0,True
304,predict,1,175,feet,stripes,F,W,C,E,No,Yes,0,1,5.0,6.0,False
305,predict,2,34,stripes,feet,F,W,C,E,Yes,Yes,1,1,3.0,5.0,True
306,predict,0,193,feet,stripes,C,W,F,E,No,No,0,0,7.0,7.0,False
307,predict,0,196,stripes,feet,C,E,F,W,No,No,0,0,2.0,2.0,False
308,predict,1,199,feet,stripes,F,W,C,E,No,Yes,0,1,7.0,7.0,False
309,predict,2,177,feet,stripes,C,W,F,E,Yes,Yes,1,1,3.0,6.0,True
310,predict,1,48,stripes,feet,C,E,F,W,No,Yes,0,1,2.0,7.0,False
311,predict,1,148,stripes,feet,C,E,F,W,Yes,No,1,0,6.0,6.0,False
312,predict,1,204,stripes,feet,C,E,F,W,No,Yes,0,1,7.0,7.0,False
313,predict,0,165,feet,stripes,C,W,F,E,No,No,0,0,2.0,5.0,False
314,predict,2,38,stripes,feet,F,W,C,E,Yes,Yes,1,1,6.0,7.0,True
315,predict,2,158,stripes,feet,C,W,F,E,Yes,Yes,1,1,7.0,7.0,True
316,predict,2,8,stripes,feet,C,E,F,W,Yes,Yes,1,1,4.0,5.0,True
317,predict,0,74,stripes,feet,F,W,C,E,No,No,0,0,4.0,4.0,False
318,predict,1,107,feet,stripes,F,E,C,W,Yes,No,1,0,3.0,4.0,False
319,predict,2,72,stripes,feet,C,E,F,W,Yes,Yes,1,1,3.0,7.0,True
320,predict,2,2,stripes,feet,F,W,C,E,Yes,Yes,1,1,7.0,1.0,True
321,predict,1,116,stripes,feet,C,E,F,W,No,Yes,0,1,3.0,5.0,False
322,predict,1,211,feet,stripes,F,E,C,W,Yes,No,1,0,3.0,6.0,False
323,predict,0,207,feet,stripes,F,W,C,E,No,No,0,0,1.0,1.0,False
324,predict,2,95,feet,stripes,F,W,C,E,Yes,Yes,1,1,6.0,5.0,True
325,predict,0,10,stripes,feet,C,W,F,E,No,No,0,0,1.0,4.0,False
326,predict,0,192,stripes,feet,C,E,F,W,No,No,0,0,1.0,1.0,False
327,predict,1,81,feet,stripes,C,E,F,W,No,Yes,0,1,6.0,5.0,False
328,predict,0,163,feet,stripes,F,W,C,E,No,No,0,0,6.0,6.0,False
329,predict,2,123,feet,stripes,F,E,C,W,Yes,Yes,1,1,4.0,3.0,True
330,predict,1,40,stripes,feet,C,E,F,W,Yes,No,1,0,1.0,1.0,False
331,predict,2,37,feet,stripes,C,E,F,W,Yes,Yes,1,1,4.0,5.0,True
332,predict,0,17,feet,stripes,C,E,F,W,No,No,0,0,5.0,5.0,False
333,predict,1,57,feet,stripes,C,E,F,W,No,Yes,0,1,6.0,6.0,False
334,predict,2,46,stripes,feet,F,W,C,E,Yes,Yes,1,1,5.0,2.0,True
335,predict,1,59,feet,stripes,F,W,C,E,No,Yes,0,1,3.0,7.0,False
336,predict,1,145,feet,stripes,C,W,F,E,No,Yes,0,1,1.0,7.0,False
337,predict,2,219,feet,stripes,F,E,C,W,Yes,Yes,1,1,6.0,6.0,True
338,predict,1,33,feet,stripes,C,E,F,W,No,Yes,0,1,4.0,6.0,False
339,predict,2,127,feet,stripes,F,W,C,E,Yes,Yes,1,1,5.0,6.0,True
340,predict,2,203,feet,stripes,F,W,C,E,Yes,Yes,1,1,1.0,2.0,True
341,predict,1,173,feet,stripes,C,E,F,W,No,Yes,0,1,6.0,5.0,False
342,predict,2,131,feet,stripes,F,E,C,W,Yes,Yes,1,1,6.0,5.0,True
343,predict,0,94,stripes,feet,F,W,C,E,No,No,0,0,1.0,1.0,False
344,predict,2,183,feet,stripes,F,W,C,E,Yes,Yes,1,1,3.0,3.0,True
345,predict,2,114,stripes,feet,F,W,C,E,Yes,Yes,1,1,6.0,7.0,True
346,predict,2,201,feet,stripes,C,E,F,W,Yes,Yes,1,1,5.0,7.0,True
347,predict,0,130,stripes,feet,C,W,F,E,No,No,0,0,5.0,3.0,False
348,predict,0,136,stripes,feet,F,E,C,W,No,No,0,0,1.0,1.0,False
349,predict,1,138,stripes,feet,F,W,C,E,Yes,No,1,0,6.0,7.0,False
350,predict,2,71,feet,stripes,F,E,C,W,Yes,Yes,1,1,2.0,7.0,True
351,predict,0,79,feet,stripes,F,E,C,W,No,No,0,0,4.0,5.0,False
352,predict,1,20,stripes,feet,C,E,F,W,No,Yes,0,1,3.0,6.0,False
353,predict,0,64,stripes,feet,F,E,C,W,No,No,0,0,1.0,2.0,False
354,predict,0,142,stripes,feet,F,W,C,E,No,No,0,0,2.0,3.0,False
355,predict,1,212,stripes,feet,C,E,F,W,Yes,No,1,0,6.0,7.0,False
356,predict,0,152,stripes,feet,C,E,F,W,No,No,0,0,2.0,4.0,False
357,predict,1,84,stripes,feet,C,E,F,W,No,Yes,0,1,5.0,5.0,False
358,predict,0,159,feet,stripes,F,W,C,E,No,No,0,0,2.0,5.0,False
359,predict,0,171,feet,stripes,F,E,C,W,No,No,0,0,7.0,7.0,False
360,predict,2,14,stripes,feet,F,W,C,E,Yes,Yes,1,1,7.0,7.0,True
361,predict,0,206,stripes,feet,F,W,C,E,No,No,0,0,5.0,3.0,False
362,predict,0,19,feet,stripes,F,W,C,E,No,No,0,0,5.0,4.0,False
363,predict,0,70,stripes,feet,C,W,F,E,No,No,0,0,2.0,2.0,False
364,predict,0,106,stripes,feet,F,W,C,E,No,No,0,0,4.0,4.0,False
365,predict,1,135,feet,stripes,F,E,C,W,Yes,No,1,0,2.0,6.0,False
366,predict,2,41,feet,stripes,C,W,F,E,Yes,Yes,1,1,6.0,6.0,True
367,predict,1,170,stripes,feet,F,W,C,E,Yes,No,1,0,4.0,7.0,False
368,predict,0,191,feet,stripes,F,E,C,W,No,No,0,0,5.0,5.0,False
369,predict,1,213,feet,stripes,C,W,F,E,No,Yes,0,1,3.0,7.0,False
370,predict,1,118,stripes,feet,F,W,C,E,No,Yes,0,1,2.0,2.0,False
371,predict,0,54,stripes,feet,C,W,F,E,No,No,0,0,1.0,1.0,False
372,predict,2,190,stripes,feet,F,W,C,E,Yes,Yes,1,1,7.0,7.0,True
373,predict,0,187,feet,stripes,F,E,C,W,No,No,0,0,2.0,4.0,False
374,predict,0,167,feet,stripes,F,E,C,W,No,No,0,0,4.0,7.0,False
375,predict,2,143,feet,stripes,F,E,C,W,Yes,Yes,1,1,2.0,6.0,True
376,predict,1,44,stripes,feet,F,E,C,W,No,Yes,0,1,1.0,7.0,False
377,predict,2,220,stripes,feet,F,E,C,W,Yes,Yes,1,1,5.0,5.0,True
378,predict,1,49,feet,stripes,C,E,F,W,Yes,No,1,0,4.0,7.0,False
379,predict,0,202,stripes,feet,F,W,C,E,No,No,0,0,4.0,4.0,False
380,predict,1,151,feet,stripes,F,E,C,W,No,Yes,0,1,5.0,3.0,False
381,predict,2,98,stripes,feet,F,W,C,E,Yes,Yes,1,1,2.0,7.0,True
382,predict,0,150,stripes,feet,F,W,C,E,No,No,0,0,5.0,1.0,False
383,predict,2,198,stripes,feet,C,W,F,E,Yes,Yes,1,1,6.0,7.0,True
384,predict,2,174,stripes,feet,F,W,C,E,Yes,Yes,1,1,4.0,6.0,True
385,predict,1,200,stripes,feet,F,E,C,W,Yes,No,1,0,6.0,6.0,False
386,predict,1,218,stripes,feet,C,W,F,E,No,Yes,0,1,7.0,7.0,False
387,predict,1,82,stripes,feet,C,W,F,E,Yes,No,1,0,6.0,6.0,False
388,predict,1,39,feet,stripes,F,E,C,W,Yes,No,1,0,4.0,6.0,False
389,predict,1,4,stripes,feet,F,E,C,W,Yes,No,1,0,5.0,6.0,False
390,predict,2,208,stripes,feet,F,E,C,W,Yes,Yes,1,1,5.0,5.0,True
391,predict,1,141,feet,stripes,C,E,F,W,Yes,No,1,0,6.0,6.0,False
392,predict,1,137,feet,stripes,C,E,F,W,Yes,No,1,0,7.0,7.0,False
393,predict,0,93,feet,stripes,C,E,F,W,No,No,0,0,5.0,4.0,False
394,predict,0,25,feet,stripes,C,W,F,E,No,No,0,0,4.0,7.0,False
395,predict,2,97,feet,stripes,C,E,F,W,Yes,Yes,1,1,2.0,6.0,True
396,predict,2,51,feet,stripes,F,E,C,W,Yes,Yes,1,1,4.0,6.0,True
397,predict,2,103,feet,stripes,F,W,C,E,Yes,Yes,1,1,7.0,7.0,True
398,predict,2,55,feet,stripes,F,E,C,W,Yes,Yes,1,1,5.0,7.0,True
399,predict,0,3,feet,stripes,F,W,C,E,No,No,0,0,1.0,1.0,False
400,predict,0,101,feet,stripes,C,E,F,W,No,No,0,0,1.0,7.0,False
401,predict,1,50,stripes,feet,C,W,F,E,Yes,No,1,0,7.0,6.0,False
402,predict,2,90,stripes,feet,F,W,C,E,Yes,Yes,1,1,7.0,5.0,True
403,predict,2,112,stripes,feet,F,E,C,W,Yes,Yes,1,1,1.0,7.0,True
404,predict,2,99,feet,stripes,F,W,C,E,Yes,Yes,1,1,4.0,7.0,True
405,predict,2,121,feet,stripes,C,E,F,W,Yes,Yes,1,1,7.0,7.0,True
406,predict,1,58,stripes,feet,C,W,F,E,Yes,No,1,0,6.0,6.0,False
407,predict,0,96,stripes,feet,F,E,C,W,No,No,0,0,5.0,7.0,False
408,predict,2,153,feet,stripes,C,W,F,E,Yes,Yes,1,1,6.0,6.0,True
409,predict,1,6,stripes,feet,C,W,F,E,No,Yes,0,1,1.0,7.0,False
410,predict,0,132,stripes,feet,C,E,F,W,No,No,0,0,5.0,5.0,False
411,predict,1,209,feet,stripes,C,E,F,W,Yes,No,1,0,5.0,7.0,False
412,predict,1,111,feet,stripes,F,E,C,W,Yes,No,1,0,5.0,3.0,False
413,predict,0,129,feet,stripes,C,W,F,E,No,No,0,0,6.0,7.0,False
414,predict,1,157,feet,stripes,C,E,F,W,Yes,No,1,0,2.0,5.0,False
415,predict,0,125,feet,stripes,C,W,F,E,No,No,0,0,5.0,6.0,False
416,predict,0,194,stripes,feet,F,W,C,E,No,No,0,0,6.0,6.0,False
417,predict,1,85,feet,stripes,C,W,F,E,No,Yes,0,1,1.0,7.0,False
418,predict,1,216,stripes,feet,C,E,F,W,No,Yes,0,1,4.0,5.0,False
419,predict,1,53,feet,stripes,C,E,F,W,No,Yes,0,1,2.0,3.0,False
420,predict,1,89,feet,stripes,C,E,F,W,No,Yes,0,1,5.0,6.0,False
421,predict,0,178,stripes,feet,C,W,F,E,No,No,0,0,1.0,6.0,False
422,predict,2,210,stripes,feet,C,W,F,E,Yes,Yes,1,1,4.0,5.0,True
423,predict,0,122,stripes,feet,C,W,F,E,No,No,0,0,1.0,2.0,False
424,predict,2,109,feet,stripes,C,E,F,W,Yes,Yes,1,1,3.0,7.0,True
425,predict,0,102,stripes,feet,C,W,F,E,No,No,0,0,3.0,2.0,False
426,predict,1,15,feet,stripes,F,W,C,E,Yes,No,1,0,7.0,7.0,False
427,predict,1,42,stripes,feet,C,W,F,E,Yes,No,1,0,3.0,3.0,False
428,predict,0,162,stripes,feet,F,W,C,E,No,No,0,0,1.0,1.0,False
429,predict,0,22,stripes,feet,F,W,C,E,No,No,0,0,2.0,1.0,False
430,predict,1,66,stripes,feet,F,W,C,E,Yes,No,1,0,4.0,6.0,False
431,predict,2,29,feet,stripes,C,W,F,E,Yes,Yes,1,1,3.0,4.0,True
432,predict,2,30,stripes,feet,F,W,C,E,Yes,Yes,1,1,5.0,7.0,True
433,predict,2,5,feet,stripes,C,E,F,W,Yes,Yes,1,1,6.0,6.0,True
434,predict,2,169,feet,stripes,C,W,F,E,Yes,Yes,1,1,5.0,7.0,True
435,predict,0,78,stripes,feet,F,W,C,E,No,No,0,0,3.0,4.0,False
436,predict,2,182,stripes,feet,F,W,C,E,Yes,Yes,1,1,1.0,7.0,True
437,predict,0,63,feet,stripes,F,E,C,W,No,No,0,0,3.0,5.0,False
438,predict,2,1,feet,stripes,C,W,F,E,Yes,Yes,1,1,6.0,5.0,True
