participant,task,feature_dimension,feature_relevance,correlation,irrelevant_dim,abs_correlation
"('accommodate', np.int64(1))",accommodate,tail,relevant,0.8854220041514328,shape,0.8854220041514328
"('accommodate', np.int64(1))",accommodate,color,relevant,0.29514066805047756,shape,0.29514066805047756
"('accommodate', np.int64(1))",accommodate,shape,irrelevant,0.05902813361009552,shape,0.05902813361009552
"('accommodate', np.int64(2))",accommodate,tail,irrelevant,0.3779644730092272,tail,0.3779644730092272
"('accommodate', np.int64(2))",accommodate,color,relevant,0.7019340213028504,tail,0.7019340213028504
"('accommodate', np.int64(2))",accommodate,shape,relevant,0.5939441718716427,tail,0.5939441718716427
"('accommodate', np.int64(3))",accommodate,tail,relevant,-0.1767766952966369,color,0.1767766952966369
"('accommodate', np.int64(3))",accommodate,color,irrelevant,-0.3535533905932738,color,0.3535533905932738
"('accommodate', np.int64(3))",accommodate,shape,relevant,0.8838834764831843,color,0.8838834764831843
"('accommodate', np.int64(4))",accommodate,tail,irrelevant,0.23735633163877065,tail,0.23735633163877065
"('accommodate', np.int64(4))",accommodate,color,relevant,0.23735633163877065,tail,0.23735633163877065
"('accommodate', np.int64(4))",accommodate,shape,relevant,0.8307471607356973,tail,0.8307471607356973
"('accommodate', np.int64(5))",accommodate,tail,relevant,0.3869116162670684,color,0.3869116162670684
"('accommodate', np.int64(5))",accommodate,color,irrelevant,0.5416762627738958,color,0.5416762627738958
"('accommodate', np.int64(5))",accommodate,shape,relevant,0.6964409092807232,color,0.6964409092807232
"('accommodate', np.int64(6))",accommodate,tail,relevant,0.2900209467136991,shape,0.2900209467136991
"('accommodate', np.int64(6))",accommodate,color,relevant,0.7733891912365308,shape,0.7733891912365308
"('accommodate', np.int64(6))",accommodate,shape,irrelevant,0.1933472978091327,shape,0.1933472978091327
"('accommodate', np.int64(7))",accommodate,tail,relevant,-0.4999999999999999,shape,0.4999999999999999
"('accommodate', np.int64(7))",accommodate,color,relevant,-0.24999999999999994,shape,0.24999999999999994
"('accommodate', np.int64(7))",accommodate,shape,irrelevant,0.4999999999999999,shape,0.4999999999999999
"('accommodate', np.int64(8))",accommodate,tail,relevant,0.5393598899705936,shape,0.5393598899705936
"('accommodate', np.int64(8))",accommodate,color,relevant,0.6741998624632419,shape,0.6741998624632419
"('accommodate', np.int64(8))",accommodate,shape,irrelevant,0.2696799449852968,shape,0.2696799449852968
"('accommodate', np.int64(9))",accommodate,tail,relevant,0.5773502691896256,shape,0.5773502691896256
"('accommodate', np.int64(9))",accommodate,color,relevant,0.46188021535170054,shape,0.46188021535170054
"('accommodate', np.int64(9))",accommodate,shape,irrelevant,0.11547005383792514,shape,0.11547005383792514
"('accommodate', np.int64(10))",accommodate,tail,relevant,0.8867963503478637,shape,0.8867963503478637
"('accommodate', np.int64(10))",accommodate,color,relevant,0.0985329278164293,shape,0.0985329278164293
"('accommodate', np.int64(10))",accommodate,shape,irrelevant,0.2955987834492879,shape,0.2955987834492879
"('accommodate', np.int64(11))",accommodate,tail,relevant,0.7875615306482168,color,0.7875615306482168
"('accommodate', np.int64(11))",accommodate,color,irrelevant,-0.3375263702778072,color,0.3375263702778072
"('accommodate', np.int64(11))",accommodate,shape,relevant,-0.3375263702778072,color,0.3375263702778072
"('accommodate', np.int64(12))",accommodate,tail,relevant,0.4330127018922193,shape,0.4330127018922193
"('accommodate', np.int64(12))",accommodate,color,relevant,0.8660254037844386,shape,0.8660254037844386
"('accommodate', np.int64(12))",accommodate,shape,irrelevant,0.0,shape,0.0
"('accommodate', np.int64(13))",accommodate,tail,irrelevant,-0.07559289460184544,tail,0.07559289460184544
"('accommodate', np.int64(13))",accommodate,color,relevant,0.6803360514166088,tail,0.6803360514166088
"('accommodate', np.int64(13))",accommodate,shape,relevant,0.529150262212918,tail,0.529150262212918
"('accommodate', np.int64(14))",accommodate,tail,relevant,0.5773502691896257,shape,0.5773502691896257
"('accommodate', np.int64(14))",accommodate,color,relevant,0.28867513459481287,shape,0.28867513459481287
"('accommodate', np.int64(14))",accommodate,shape,irrelevant,-0.5773502691896257,shape,0.5773502691896257
"('accommodate', np.int64(15))",accommodate,tail,relevant,0.4303314829119351,shape,0.4303314829119351
"('accommodate', np.int64(15))",accommodate,color,relevant,0.7745966692414833,shape,0.7745966692414833
"('accommodate', np.int64(15))",accommodate,shape,irrelevant,0.4303314829119351,shape,0.4303314829119351
"('accommodate', np.int64(16))",accommodate,tail,relevant,0.37499999999999994,shape,0.37499999999999994
"('accommodate', np.int64(16))",accommodate,color,relevant,0.4999999999999999,shape,0.4999999999999999
"('accommodate', np.int64(16))",accommodate,shape,irrelevant,0.24999999999999994,shape,0.24999999999999994
"('accommodate', np.int64(17))",accommodate,tail,relevant,0.6761234037828132,shape,0.6761234037828132
"('accommodate', np.int64(17))",accommodate,color,relevant,0.5070925528371099,shape,0.5070925528371099
"('accommodate', np.int64(17))",accommodate,shape,irrelevant,0.0,shape,0.0
"('accommodate', np.int64(18))",accommodate,tail,relevant,0.9544271444636666,color,0.9544271444636666
"('accommodate', np.int64(18))",accommodate,color,irrelevant,-0.06362847629757779,color,0.06362847629757779
"('accommodate', np.int64(18))",accommodate,shape,relevant,-0.06362847629757779,color,0.06362847629757779
"('accommodate', np.int64(19))",accommodate,tail,relevant,0.7330166661378313,shape,0.7330166661378313
"('accommodate', np.int64(19))",accommodate,color,relevant,0.6108472217815261,shape,0.6108472217815261
"('accommodate', np.int64(19))",accommodate,shape,irrelevant,-0.24433888871261045,shape,0.24433888871261045
"('accommodate', np.int64(20))",accommodate,tail,relevant,0.0,shape,0.0
"('accommodate', np.int64(20))",accommodate,color,relevant,0.28867513459481287,shape,0.28867513459481287
"('accommodate', np.int64(20))",accommodate,shape,irrelevant,-0.8660254037844386,shape,0.8660254037844386
"('accommodate', np.int64(21))",accommodate,tail,relevant,0.7071067811865476,color,0.7071067811865476
"('accommodate', np.int64(21))",accommodate,color,irrelevant,-0.5303300858899106,color,0.5303300858899106
"('accommodate', np.int64(21))",accommodate,shape,relevant,0.1767766952966369,color,0.1767766952966369
"('accommodate', np.int64(22))",accommodate,tail,irrelevant,-0.27650063180466544,tail,0.27650063180466544
"('accommodate', np.int64(22))",accommodate,color,relevant,0.27650063180466544,tail,0.27650063180466544
"('accommodate', np.int64(22))",accommodate,shape,relevant,0.7189016426921302,tail,0.7189016426921302
"('accommodate', np.int64(23))",accommodate,tail,relevant,0.6024640760767094,color,0.6024640760767094
"('accommodate', np.int64(23))",accommodate,color,irrelevant,0.08606629658238704,color,0.08606629658238704
"('accommodate', np.int64(23))",accommodate,shape,relevant,0.4303314829119351,color,0.4303314829119351
"('accommodate', np.int64(24))",accommodate,tail,relevant,0.8006407690254356,color,0.8006407690254356
"('accommodate', np.int64(24))",accommodate,color,irrelevant,0.32025630761017426,color,0.32025630761017426
"('accommodate', np.int64(24))",accommodate,shape,relevant,0.0,color,0.0
"('accommodate', np.int64(25))",accommodate,tail,irrelevant,-0.1889822365046136,tail,0.1889822365046136
"('accommodate', np.int64(25))",accommodate,color,relevant,0.7559289460184544,tail,0.7559289460184544
"('accommodate', np.int64(25))",accommodate,shape,relevant,0.1889822365046136,tail,0.1889822365046136
"('accommodate', np.int64(26))",accommodate,tail,irrelevant,0.08873565094161137,tail,0.08873565094161137
"('accommodate', np.int64(26))",accommodate,color,relevant,0.08873565094161137,tail,0.08873565094161137
"('accommodate', np.int64(26))",accommodate,shape,relevant,0.9760921603577251,tail,0.9760921603577251
"('accommodate', np.int64(27))",accommodate,tail,relevant,0.5933908290969266,color,0.5933908290969266
"('accommodate', np.int64(27))",accommodate,color,irrelevant,-0.356034497458156,color,0.356034497458156
"('accommodate', np.int64(27))",accommodate,shape,relevant,0.11867816581938533,color,0.11867816581938533
"('accommodate', np.int64(28))",accommodate,tail,irrelevant,0.8700628401410971,tail,0.8700628401410971
"('accommodate', np.int64(28))",accommodate,color,relevant,0.0,tail,0.0
"('accommodate', np.int64(28))",accommodate,shape,relevant,0.4833682445228318,tail,0.4833682445228318
"('accommodate', np.int64(29))",accommodate,tail,relevant,-0.05670479771237427,shape,0.05670479771237427
"('accommodate', np.int64(29))",accommodate,color,relevant,0.9639815611103625,shape,0.9639815611103625
"('accommodate', np.int64(29))",accommodate,shape,irrelevant,0.17011439313712282,shape,0.17011439313712282
"('accommodate', np.int64(30))",accommodate,tail,irrelevant,0.3162277660168379,tail,0.3162277660168379
"('accommodate', np.int64(30))",accommodate,color,relevant,0.4743416490252569,tail,0.4743416490252569
"('accommodate', np.int64(30))",accommodate,shape,relevant,0.7905694150420947,tail,0.7905694150420947
"('accommodate', np.int64(31))",accommodate,tail,relevant,0.5240002587656236,shape,0.5240002587656236
"('accommodate', np.int64(31))",accommodate,color,relevant,0.5240002587656236,shape,0.5240002587656236
"('accommodate', np.int64(31))",accommodate,shape,irrelevant,0.058222250973958195,shape,0.058222250973958195
"('accommodate', np.int64(32))",accommodate,tail,relevant,-0.12499999999999997,shape,0.12499999999999997
"('accommodate', np.int64(32))",accommodate,color,relevant,0.875,shape,0.875
"('accommodate', np.int64(32))",accommodate,shape,irrelevant,0.24999999999999994,shape,0.24999999999999994
"('accommodate', np.int64(33))",accommodate,tail,relevant,0.2696799449852968,color,0.2696799449852968
"('accommodate', np.int64(33))",accommodate,color,irrelevant,-0.5393598899705936,color,0.5393598899705936
"('accommodate', np.int64(33))",accommodate,shape,relevant,0.4045199174779452,color,0.4045199174779452
"('accommodate', np.int64(34))",accommodate,tail,relevant,0.6761234037828132,color,0.6761234037828132
"('accommodate', np.int64(34))",accommodate,color,irrelevant,0.6761234037828132,color,0.6761234037828132
"('accommodate', np.int64(34))",accommodate,shape,relevant,0.0,color,0.0
"('accommodate', np.int64(35))",accommodate,tail,relevant,0.37796447300922714,shape,0.37796447300922714
"('accommodate', np.int64(35))",accommodate,color,relevant,0.6803360514166088,shape,0.6803360514166088
"('accommodate', np.int64(35))",accommodate,shape,irrelevant,-0.2267786838055363,shape,0.2267786838055363
"('accommodate', np.int64(36))",accommodate,tail,irrelevant,-0.6546536707079772,tail,0.6546536707079772
"('accommodate', np.int64(36))",accommodate,color,relevant,0.4364357804719848,tail,0.4364357804719848
"('accommodate', np.int64(36))",accommodate,shape,relevant,0.5455447255899809,tail,0.5455447255899809
"('accommodate', np.int64(37))",accommodate,tail,relevant,0.2267786838055363,color,0.2267786838055363
"('accommodate', np.int64(37))",accommodate,color,irrelevant,-0.6803360514166088,color,0.6803360514166088
"('accommodate', np.int64(37))",accommodate,shape,relevant,-0.529150262212918,color,0.529150262212918
"('accommodate', np.int64(38))",accommodate,tail,relevant,0.9113223768657671,color,0.9113223768657671
"('accommodate', np.int64(38))",accommodate,color,irrelevant,0.13018891098082386,color,0.13018891098082386
"('accommodate', np.int64(38))",accommodate,shape,relevant,0.0,color,0.0
"('accommodate', np.int64(39))",accommodate,tail,relevant,0.6123724356957946,shape,0.6123724356957946
"('accommodate', np.int64(39))",accommodate,color,relevant,0.408248290463863,shape,0.408248290463863
"('accommodate', np.int64(39))",accommodate,shape,irrelevant,-0.6123724356957946,shape,0.6123724356957946
"('accommodate', np.int64(40))",accommodate,tail,relevant,0.4472135954999579,shape,0.4472135954999579
"('accommodate', np.int64(40))",accommodate,color,relevant,0.0,shape,0.0
"('accommodate', np.int64(40))",accommodate,shape,irrelevant,0.4472135954999579,shape,0.4472135954999579
"('accommodate', np.int64(41))",accommodate,tail,relevant,0.6741998624632419,color,0.6741998624632419
"('accommodate', np.int64(41))",accommodate,color,irrelevant,0.4045199174779452,color,0.4045199174779452
"('accommodate', np.int64(41))",accommodate,shape,relevant,0.1348399724926484,color,0.1348399724926484
"('accommodate', np.int64(42))",accommodate,tail,irrelevant,-0.47457899787624946,tail,0.47457899787624946
"('accommodate', np.int64(42))",accommodate,color,relevant,0.28474739872574967,tail,0.28474739872574967
"('accommodate', np.int64(42))",accommodate,shape,relevant,-0.0949157995752499,tail,0.0949157995752499
"('accommodate', np.int64(43))",accommodate,tail,relevant,-0.28724249481071296,color,0.28724249481071296
"('accommodate', np.int64(43))",accommodate,color,irrelevant,0.28724249481071296,color,0.28724249481071296
"('accommodate', np.int64(43))",accommodate,shape,relevant,0.6319334885835687,color,0.6319334885835687
"('accommodate', np.int64(44))",accommodate,tail,relevant,-0.06262242910851495,color,0.06262242910851495
"('accommodate', np.int64(44))",accommodate,color,irrelevant,0.4383570037596046,color,0.4383570037596046
"('accommodate', np.int64(44))",accommodate,shape,relevant,0.5636018619766345,color,0.5636018619766345
"('accommodate', np.int64(45))",accommodate,tail,relevant,0.0,shape,0.0
"('accommodate', np.int64(45))",accommodate,color,relevant,0.8551861104941365,shape,0.8551861104941365
"('accommodate', np.int64(45))",accommodate,shape,irrelevant,0.4886777774252209,shape,0.4886777774252209
"('accommodate', np.int64(46))",accommodate,tail,irrelevant,0.3779644730092272,tail,0.3779644730092272
"('accommodate', np.int64(46))",accommodate,color,relevant,0.3779644730092272,tail,0.3779644730092272
"('accommodate', np.int64(46))",accommodate,shape,relevant,0.3779644730092272,tail,0.3779644730092272
"('accommodate', np.int64(47))",accommodate,tail,relevant,0.8867963503478637,color,0.8867963503478637
"('accommodate', np.int64(47))",accommodate,color,irrelevant,0.0985329278164293,color,0.0985329278164293
"('accommodate', np.int64(47))",accommodate,shape,relevant,0.2955987834492879,color,0.2955987834492879
"('accommodate', np.int64(48))",accommodate,tail,irrelevant,0.15249857033260467,tail,0.15249857033260467
"('accommodate', np.int64(48))",accommodate,color,relevant,0.30499714066520933,tail,0.30499714066520933
"('accommodate', np.int64(48))",accommodate,shape,relevant,0.7624928516630233,tail,0.7624928516630233
"('accommodate', np.int64(49))",accommodate,tail,relevant,0.1822370217692361,shape,0.1822370217692361
"('accommodate', np.int64(49))",accommodate,color,relevant,0.9111851088461805,shape,0.9111851088461805
"('accommodate', np.int64(49))",accommodate,shape,irrelevant,-0.30372836961539346,shape,0.30372836961539346
"('accommodate', np.int64(50))",accommodate,tail,relevant,-0.3617873026462108,color,0.3617873026462108
"('accommodate', np.int64(50))",accommodate,color,irrelevant,0.3617873026462108,color,0.3617873026462108
"('accommodate', np.int64(50))",accommodate,shape,relevant,0.07235746052924216,color,0.07235746052924216
"('accommodate', np.int64(51))",accommodate,tail,irrelevant,-0.7293249574894728,tail,0.7293249574894728
"('accommodate', np.int64(51))",accommodate,color,relevant,0.4375949744936837,tail,0.4375949744936837
"('accommodate', np.int64(51))",accommodate,shape,relevant,0.14586499149789456,tail,0.14586499149789456
"('accommodate', np.int64(52))",accommodate,tail,relevant,-0.19245008972987523,color,0.19245008972987523
"('accommodate', np.int64(52))",accommodate,color,irrelevant,-0.38490017945975047,color,0.38490017945975047
"('accommodate', np.int64(52))",accommodate,shape,relevant,0.38490017945975047,color,0.38490017945975047
"('accommodate', np.int64(53))",accommodate,tail,irrelevant,0.3504383220252312,tail,0.3504383220252312
"('accommodate', np.int64(53))",accommodate,color,relevant,0.85106449634699,tail,0.85106449634699
"('accommodate', np.int64(53))",accommodate,shape,relevant,0.3504383220252312,tail,0.3504383220252312
"('accommodate', np.int64(54))",accommodate,tail,relevant,0.5773502691896257,color,0.5773502691896257
"('accommodate', np.int64(54))",accommodate,color,irrelevant,0.28867513459481287,color,0.28867513459481287
"('accommodate', np.int64(54))",accommodate,shape,relevant,0.721687836487032,color,0.721687836487032
"('accommodate', np.int64(55))",accommodate,tail,relevant,-0.06579516949597689,shape,0.06579516949597689
"('accommodate', np.int64(55))",accommodate,color,relevant,0.9869275424396533,shape,0.9869275424396533
"('accommodate', np.int64(55))",accommodate,shape,irrelevant,-0.06579516949597689,shape,0.06579516949597689
"('accommodate', np.int64(56))",accommodate,tail,relevant,0.9999999999999998,color,0.9999999999999998
"('accommodate', np.int64(56))",accommodate,color,irrelevant,0.0,color,0.0
"('accommodate', np.int64(56))",accommodate,shape,relevant,0.0,color,0.0
"('accommodate', np.int64(57))",accommodate,tail,relevant,0.31814238148788887,shape,0.31814238148788887
"('accommodate', np.int64(57))",accommodate,color,relevant,0.6999132392733556,shape,0.6999132392733556
"('accommodate', np.int64(57))",accommodate,shape,irrelevant,-0.44539933408304444,shape,0.44539933408304444
"('accommodate', np.int64(58))",accommodate,tail,relevant,0.7986208584745021,color,0.7986208584745021
"('accommodate', np.int64(58))",accommodate,color,irrelevant,0.2662069528248341,color,0.2662069528248341
"('accommodate', np.int64(58))",accommodate,shape,relevant,-0.08873565094161137,color,0.08873565094161137
"('accommodate', np.int64(59))",accommodate,tail,relevant,-0.19245008972987523,color,0.19245008972987523
"('accommodate', np.int64(59))",accommodate,color,irrelevant,0.38490017945975047,color,0.38490017945975047
"('accommodate', np.int64(59))",accommodate,shape,relevant,0.5773502691896257,color,0.5773502691896257
"('accommodate', np.int64(60))",accommodate,tail,irrelevant,-0.14586499149789456,tail,0.14586499149789456
"('accommodate', np.int64(60))",accommodate,color,relevant,-0.14586499149789456,tail,0.14586499149789456
"('accommodate', np.int64(60))",accommodate,shape,relevant,0.7293249574894728,tail,0.7293249574894728
"('accommodate', np.int64(61))",accommodate,tail,irrelevant,0.9609876522409447,tail,0.9609876522409447
"('accommodate', np.int64(61))",accommodate,color,relevant,-0.07392212709545729,tail,0.07392212709545729
"('accommodate', np.int64(61))",accommodate,shape,relevant,0.07392212709545729,tail,0.07392212709545729
"('accommodate', np.int64(62))",accommodate,tail,irrelevant,-0.27500954910846337,tail,0.27500954910846337
"('accommodate', np.int64(62))",accommodate,color,relevant,0.82502864732539,tail,0.82502864732539
"('accommodate', np.int64(62))",accommodate,shape,relevant,0.27500954910846337,tail,0.27500954910846337
"('accommodate', np.int64(63))",accommodate,tail,relevant,0.5388159060803247,color,0.5388159060803247
"('accommodate', np.int64(63))",accommodate,color,irrelevant,-0.17960530202677488,color,0.17960530202677488
"('accommodate', np.int64(63))",accommodate,shape,relevant,-0.5388159060803247,color,0.5388159060803247
"('accommodate', np.int64(64))",accommodate,tail,irrelevant,0.0,tail,0.0
"('accommodate', np.int64(64))",accommodate,color,relevant,-0.4375949744936837,tail,0.4375949744936837
"('accommodate', np.int64(64))",accommodate,shape,relevant,-0.2917299829957891,tail,0.2917299829957891
"('accommodate', np.int64(65))",accommodate,tail,relevant,0.9045340337332908,color,0.9045340337332908
"('accommodate', np.int64(65))",accommodate,color,irrelevant,-0.30151134457776363,color,0.30151134457776363
"('accommodate', np.int64(65))",accommodate,shape,relevant,0.0,color,0.0
"('accommodate', np.int64(66))",accommodate,tail,relevant,0.4472135954999579,color,0.4472135954999579
"('accommodate', np.int64(66))",accommodate,color,irrelevant,0.0,color,0.0
"('accommodate', np.int64(66))",accommodate,shape,relevant,0.8944271909999159,color,0.8944271909999159
"('accommodate', np.int64(67))",accommodate,tail,irrelevant,0.0773823232534137,tail,0.0773823232534137
"('accommodate', np.int64(67))",accommodate,color,relevant,0.0773823232534137,tail,0.0773823232534137
"('accommodate', np.int64(67))",accommodate,shape,relevant,0.3869116162670684,tail,0.3869116162670684
"('accommodate', np.int64(68))",accommodate,tail,relevant,0.0,shape,0.0
"('accommodate', np.int64(68))",accommodate,color,relevant,0.7071067811865476,shape,0.7071067811865476
"('accommodate', np.int64(68))",accommodate,shape,irrelevant,-0.7071067811865476,shape,0.7071067811865476
"('accommodate', np.int64(69))",accommodate,tail,irrelevant,0.0,tail,0.0
"('accommodate', np.int64(69))",accommodate,color,relevant,0.11470786693528089,tail,0.11470786693528089
"('accommodate', np.int64(69))",accommodate,shape,relevant,-0.6882472016116853,tail,0.6882472016116853
"('accommodate', np.int64(70))",accommodate,tail,relevant,,shape,
"('accommodate', np.int64(70))",accommodate,color,relevant,,shape,
"('accommodate', np.int64(70))",accommodate,shape,irrelevant,,shape,
"('accommodate', np.int64(71))",accommodate,tail,relevant,0.2581988897471611,color,0.2581988897471611
"('accommodate', np.int64(71))",accommodate,color,irrelevant,0.0,color,0.0
"('accommodate', np.int64(71))",accommodate,shape,relevant,0.5163977794943222,color,0.5163977794943222
"('accommodate', np.int64(72))",accommodate,tail,irrelevant,0.08873565094161137,tail,0.08873565094161137
"('accommodate', np.int64(72))",accommodate,color,relevant,0.08873565094161137,tail,0.08873565094161137
"('accommodate', np.int64(72))",accommodate,shape,relevant,-0.08873565094161137,tail,0.08873565094161137
"('accommodate', np.int64(73))",accommodate,tail,relevant,0.0,color,0.0
"('accommodate', np.int64(73))",accommodate,color,irrelevant,0.14002800840280097,color,0.14002800840280097
"('accommodate', np.int64(73))",accommodate,shape,relevant,0.9801960588196068,color,0.9801960588196068
"('accommodate', np.int64(74))",accommodate,tail,relevant,-0.35921060405354976,color,0.35921060405354976
"('accommodate', np.int64(74))",accommodate,color,irrelevant,-0.17960530202677488,color,0.17960530202677488
"('accommodate', np.int64(74))",accommodate,shape,relevant,-0.5388159060803247,color,0.5388159060803247
"('accommodate', np.int64(75))",accommodate,tail,relevant,0.0,color,0.0
"('accommodate', np.int64(75))",accommodate,color,irrelevant,-0.9607689228305227,color,0.9607689228305227
"('accommodate', np.int64(75))",accommodate,shape,relevant,0.0,color,0.0
"('accommodate', np.int64(76))",accommodate,tail,irrelevant,-0.08606629658238704,tail,0.08606629658238704
"('accommodate', np.int64(76))",accommodate,color,relevant,0.08606629658238704,tail,0.08606629658238704
"('accommodate', np.int64(76))",accommodate,shape,relevant,0.6024640760767094,tail,0.6024640760767094
"('accommodate', np.int64(77))",accommodate,tail,irrelevant,0.28867513459481287,tail,0.28867513459481287
"('accommodate', np.int64(77))",accommodate,color,relevant,-0.28867513459481287,tail,0.28867513459481287
"('accommodate', np.int64(77))",accommodate,shape,relevant,0.8660254037844386,tail,0.8660254037844386
"('accommodate', np.int64(78))",accommodate,tail,relevant,0.9035624609139906,shape,0.9035624609139906
"('accommodate', np.int64(78))",accommodate,color,relevant,0.20851441405707474,shape,0.20851441405707474
"('accommodate', np.int64(78))",accommodate,shape,irrelevant,0.20851441405707474,shape,0.20851441405707474
"('accommodate', np.int64(79))",accommodate,tail,relevant,-0.37796447300922725,shape,0.37796447300922725
"('accommodate', np.int64(79))",accommodate,color,relevant,0.37796447300922725,shape,0.37796447300922725
"('accommodate', np.int64(79))",accommodate,shape,irrelevant,0.37796447300922725,shape,0.37796447300922725
"('accommodate', np.int64(80))",accommodate,tail,relevant,0.5065022237046951,shape,0.5065022237046951
"('accommodate', np.int64(80))",accommodate,color,relevant,0.6512171447631795,shape,0.6512171447631795
"('accommodate', np.int64(80))",accommodate,shape,irrelevant,0.5065022237046951,shape,0.5065022237046951
"('accommodate', np.int64(81))",accommodate,tail,relevant,0.82502864732539,shape,0.82502864732539
"('accommodate', np.int64(81))",accommodate,color,relevant,0.4583492485141056,shape,0.4583492485141056
"('accommodate', np.int64(81))",accommodate,shape,irrelevant,-0.09166984970282112,shape,0.09166984970282112
"('accommodate', np.int64(82))",accommodate,tail,relevant,-0.22360679774997896,shape,0.22360679774997896
"('accommodate', np.int64(82))",accommodate,color,relevant,-0.22360679774997896,shape,0.22360679774997896
"('accommodate', np.int64(82))",accommodate,shape,irrelevant,-0.8944271909999159,shape,0.8944271909999159
"('accommodate', np.int64(83))",accommodate,tail,relevant,0.6897304947150051,color,0.6897304947150051
"('accommodate', np.int64(83))",accommodate,color,irrelevant,-0.49266463908214647,color,0.49266463908214647
"('accommodate', np.int64(83))",accommodate,shape,relevant,0.49266463908214647,color,0.49266463908214647
"('accommodate', np.int64(84))",accommodate,tail,relevant,-0.08873565094161137,color,0.08873565094161137
"('accommodate', np.int64(84))",accommodate,color,irrelevant,-0.08873565094161137,color,0.08873565094161137
"('accommodate', np.int64(84))",accommodate,shape,relevant,0.9760921603577251,color,0.9760921603577251
"('accommodate', np.int64(85))",accommodate,tail,relevant,0.4383570037596046,shape,0.4383570037596046
"('accommodate', np.int64(85))",accommodate,color,relevant,0.8140915784106942,shape,0.8140915784106942
"('accommodate', np.int64(85))",accommodate,shape,irrelevant,0.06262242910851495,shape,0.06262242910851495
"('accommodate', np.int64(86))",accommodate,tail,relevant,-0.391924757669098,shape,0.391924757669098
"('accommodate', np.int64(86))",accommodate,color,relevant,0.7278602642426105,shape,0.7278602642426105
"('accommodate', np.int64(86))",accommodate,shape,irrelevant,-0.055989251095585425,shape,0.055989251095585425
"('accommodate', np.int64(87))",accommodate,tail,irrelevant,0.5345224838248487,tail,0.5345224838248487
"('accommodate', np.int64(87))",accommodate,color,relevant,0.6681531047810608,tail,0.6681531047810608
"('accommodate', np.int64(87))",accommodate,shape,relevant,-0.40089186286863654,tail,0.40089186286863654
"('accommodate', np.int64(88))",accommodate,tail,irrelevant,0.5773502691896257,tail,0.5773502691896257
"('accommodate', np.int64(88))",accommodate,color,relevant,-0.09622504486493762,tail,0.09622504486493762
"('accommodate', np.int64(88))",accommodate,shape,relevant,0.38490017945975047,tail,0.38490017945975047
"('accommodate', np.int64(89))",accommodate,tail,irrelevant,-0.14433756729740643,tail,0.14433756729740643
"('accommodate', np.int64(89))",accommodate,color,relevant,0.5773502691896257,tail,0.5773502691896257
"('accommodate', np.int64(89))",accommodate,shape,relevant,0.721687836487032,tail,0.721687836487032
"('accommodate', np.int64(90))",accommodate,tail,relevant,-0.0985329278164293,shape,0.0985329278164293
"('accommodate', np.int64(90))",accommodate,color,relevant,-0.0985329278164293,shape,0.0985329278164293
"('accommodate', np.int64(90))",accommodate,shape,irrelevant,-0.0985329278164293,shape,0.0985329278164293
"('accommodate', np.int64(91))",accommodate,tail,irrelevant,-0.5933908290969266,tail,0.5933908290969266
"('accommodate', np.int64(91))",accommodate,color,relevant,0.356034497458156,tail,0.356034497458156
"('accommodate', np.int64(91))",accommodate,shape,relevant,-0.5933908290969266,tail,0.5933908290969266
"('accommodate', np.int64(92))",accommodate,tail,relevant,0.5669467095138407,shape,0.5669467095138407
"('accommodate', np.int64(92))",accommodate,color,relevant,-0.3779644730092272,shape,0.3779644730092272
"('accommodate', np.int64(92))",accommodate,shape,irrelevant,0.3779644730092272,shape,0.3779644730092272
"('accommodate', np.int64(93))",accommodate,tail,irrelevant,0.26726124191242434,tail,0.26726124191242434
"('accommodate', np.int64(93))",accommodate,color,relevant,0.13363062095621217,tail,0.13363062095621217
"('accommodate', np.int64(93))",accommodate,shape,relevant,0.9354143466934853,tail,0.9354143466934853
"('accommodate', np.int64(94))",accommodate,tail,relevant,0.9406469868801481,color,0.9406469868801481
"('accommodate', np.int64(94))",accommodate,color,irrelevant,-0.07235746052924216,color,0.07235746052924216
"('accommodate', np.int64(94))",accommodate,shape,relevant,0.07235746052924216,color,0.07235746052924216
"('accommodate', np.int64(95))",accommodate,tail,irrelevant,0.27500954910846337,tail,0.27500954910846337
"('accommodate', np.int64(95))",accommodate,color,relevant,0.4583492485141056,tail,0.4583492485141056
"('accommodate', np.int64(95))",accommodate,shape,relevant,0.6416889479197478,tail,0.6416889479197478
"('accommodate', np.int64(96))",accommodate,tail,irrelevant,0.08873565094161137,tail,0.08873565094161137
"('accommodate', np.int64(96))",accommodate,color,relevant,-0.4436782547080568,tail,0.4436782547080568
"('accommodate', np.int64(96))",accommodate,shape,relevant,0.7986208584745021,tail,0.7986208584745021
"('accommodate', np.int64(97))",accommodate,tail,relevant,-0.4170288281141495,shape,0.4170288281141495
"('accommodate', np.int64(97))",accommodate,color,relevant,0.0,shape,0.0
"('accommodate', np.int64(97))",accommodate,shape,irrelevant,-0.4170288281141495,shape,0.4170288281141495
"('accommodate', np.int64(98))",accommodate,tail,relevant,0.0,color,0.0
"('accommodate', np.int64(98))",accommodate,color,irrelevant,-0.11547005383792514,color,0.11547005383792514
"('accommodate', np.int64(98))",accommodate,shape,relevant,0.5773502691896256,color,0.5773502691896256
"('accommodate', np.int64(99))",accommodate,tail,relevant,0.35921060405354976,color,0.35921060405354976
"('accommodate', np.int64(99))",accommodate,color,irrelevant,0.5388159060803247,color,0.5388159060803247
"('accommodate', np.int64(99))",accommodate,shape,relevant,0.7184212081070995,color,0.7184212081070995
"('accommodate', np.int64(100))",accommodate,tail,relevant,0.48038446141526137,shape,0.48038446141526137
"('accommodate', np.int64(100))",accommodate,color,relevant,0.8006407690254356,shape,0.8006407690254356
"('accommodate', np.int64(100))",accommodate,shape,irrelevant,-0.16012815380508713,shape,0.16012815380508713
"('accommodate', np.int64(101))",accommodate,tail,relevant,0.7745966692414833,shape,0.7745966692414833
"('accommodate', np.int64(101))",accommodate,color,relevant,0.2581988897471611,shape,0.2581988897471611
"('accommodate', np.int64(101))",accommodate,shape,irrelevant,-0.2581988897471611,shape,0.2581988897471611
"('accommodate', np.int64(102))",accommodate,tail,relevant,0.2267786838055363,shape,0.2267786838055363
"('accommodate', np.int64(102))",accommodate,color,relevant,0.8315218406202998,shape,0.8315218406202998
"('accommodate', np.int64(102))",accommodate,shape,irrelevant,-0.37796447300922714,shape,0.37796447300922714
"('accommodate', np.int64(103))",accommodate,tail,relevant,-0.7371623702608655,color,0.7371623702608655
"('accommodate', np.int64(103))",accommodate,color,irrelevant,-0.28352398856187133,color,0.28352398856187133
"('accommodate', np.int64(103))",accommodate,shape,relevant,-0.05670479771237427,color,0.05670479771237427
"('accommodate', np.int64(104))",accommodate,tail,irrelevant,-0.16012815380508713,tail,0.16012815380508713
"('accommodate', np.int64(104))",accommodate,color,relevant,0.16012815380508713,tail,0.16012815380508713
"('accommodate', np.int64(104))",accommodate,shape,relevant,0.26688025634181184,tail,0.26688025634181184
"('accommodate', np.int64(105))",accommodate,tail,relevant,-0.2041241452319315,color,0.2041241452319315
"('accommodate', np.int64(105))",accommodate,color,irrelevant,0.408248290463863,color,0.408248290463863
"('accommodate', np.int64(105))",accommodate,shape,relevant,0.816496580927726,color,0.816496580927726
"('accommodate', np.int64(106))",accommodate,tail,relevant,0.8751899489873673,shape,0.8751899489873673
"('accommodate', np.int64(106))",accommodate,color,relevant,0.4375949744936837,shape,0.4375949744936837
"('accommodate', np.int64(106))",accommodate,shape,irrelevant,-0.14586499149789456,shape,0.14586499149789456
"('accommodate', np.int64(107))",accommodate,tail,relevant,0.7745966692414833,shape,0.7745966692414833
"('accommodate', np.int64(107))",accommodate,color,relevant,0.4303314829119351,shape,0.4303314829119351
"('accommodate', np.int64(107))",accommodate,shape,irrelevant,-0.08606629658238704,shape,0.08606629658238704
"('accommodate', np.int64(108))",accommodate,tail,irrelevant,0.4436782547080568,tail,0.4436782547080568
"('accommodate', np.int64(108))",accommodate,color,relevant,0.6211495565912796,tail,0.6211495565912796
"('accommodate', np.int64(108))",accommodate,shape,relevant,0.6211495565912796,tail,0.6211495565912796
"('accommodate', np.int64(109))",accommodate,tail,relevant,0.8307471607356973,shape,0.8307471607356973
"('accommodate', np.int64(109))",accommodate,color,relevant,-0.356034497458156,shape,0.356034497458156
"('accommodate', np.int64(109))",accommodate,shape,irrelevant,-0.11867816581938533,shape,0.11867816581938533
"('accommodate', np.int64(110))",accommodate,tail,relevant,0.27500954910846337,color,0.27500954910846337
"('accommodate', np.int64(110))",accommodate,color,irrelevant,-0.09166984970282112,color,0.09166984970282112
"('accommodate', np.int64(110))",accommodate,shape,relevant,-0.09166984970282112,color,0.09166984970282112
"('accommodate', np.int64(111))",accommodate,tail,irrelevant,0.24999999999999994,tail,0.24999999999999994
"('accommodate', np.int64(111))",accommodate,color,relevant,0.7499999999999999,tail,0.7499999999999999
"('accommodate', np.int64(111))",accommodate,shape,relevant,0.24999999999999994,tail,0.24999999999999994
"('accommodate', np.int64(112))",accommodate,tail,relevant,0.7811334658849433,color,0.7811334658849433
"('accommodate', np.int64(112))",accommodate,color,irrelevant,0.39056673294247163,color,0.39056673294247163
"('accommodate', np.int64(112))",accommodate,shape,relevant,0.2603778219616477,color,0.2603778219616477
"('accommodate', np.int64(113))",accommodate,tail,relevant,0.5416762627738958,color,0.5416762627738958
"('accommodate', np.int64(113))",accommodate,color,irrelevant,-0.0773823232534137,color,0.0773823232534137
"('accommodate', np.int64(113))",accommodate,shape,relevant,0.6964409092807232,color,0.6964409092807232
"('accommodate', np.int64(114))",accommodate,tail,irrelevant,0.24999999999999994,tail,0.24999999999999994
"('accommodate', np.int64(114))",accommodate,color,relevant,-0.24999999999999994,tail,0.24999999999999994
"('accommodate', np.int64(114))",accommodate,shape,relevant,0.24999999999999994,tail,0.24999999999999994
"('accommodate', np.int64(115))",accommodate,tail,relevant,0.5207556439232954,color,0.5207556439232954
"('accommodate', np.int64(115))",accommodate,color,irrelevant,0.13018891098082386,color,0.13018891098082386
"('accommodate', np.int64(115))",accommodate,shape,relevant,0.7811334658849433,color,0.7811334658849433
"('accommodate', np.int64(116))",accommodate,tail,irrelevant,0.2731791823540765,tail,0.2731791823540765
"('accommodate', np.int64(116))",accommodate,color,relevant,0.8195375470622295,tail,0.8195375470622295
"('accommodate', np.int64(116))",accommodate,shape,relevant,0.3824508552957071,tail,0.3824508552957071
"('accommodate', np.int64(117))",accommodate,tail,irrelevant,-0.04688072309384954,tail,0.04688072309384954
"('accommodate', np.int64(117))",accommodate,color,relevant,0.8907337387831412,tail,0.8907337387831412
"('accommodate', np.int64(117))",accommodate,shape,relevant,-0.04688072309384954,tail,0.04688072309384954
"('accommodate', np.int64(118))",accommodate,tail,relevant,-0.15811388300841894,shape,0.15811388300841894
"('accommodate', np.int64(118))",accommodate,color,relevant,-0.7905694150420947,shape,0.7905694150420947
"('accommodate', np.int64(118))",accommodate,shape,irrelevant,-0.3162277660168379,shape,0.3162277660168379
"('accommodate', np.int64(119))",accommodate,tail,relevant,0.45883146774112354,shape,0.45883146774112354
"('accommodate', np.int64(119))",accommodate,color,relevant,0.6882472016116853,shape,0.6882472016116853
"('accommodate', np.int64(119))",accommodate,shape,irrelevant,-0.34412360080584264,shape,0.34412360080584264
"('accommodate', np.int64(120))",accommodate,tail,relevant,0.0,shape,0.0
"('accommodate', np.int64(120))",accommodate,color,relevant,0.808290376865476,shape,0.808290376865476
"('accommodate', np.int64(120))",accommodate,shape,irrelevant,0.5773502691896256,shape,0.5773502691896256
"('accommodate', np.int64(121))",accommodate,tail,irrelevant,0.8006407690254356,tail,0.8006407690254356
"('accommodate', np.int64(121))",accommodate,color,relevant,0.16012815380508713,tail,0.16012815380508713
"('accommodate', np.int64(121))",accommodate,shape,relevant,-0.48038446141526137,tail,0.48038446141526137
"('accommodate', np.int64(122))",accommodate,tail,relevant,0.4687546711276976,shape,0.4687546711276976
"('accommodate', np.int64(122))",accommodate,color,relevant,0.8705443892371525,shape,0.8705443892371525
"('accommodate', np.int64(122))",accommodate,shape,irrelevant,-0.06696495301824251,shape,0.06696495301824251
"('accommodate', np.int64(123))",accommodate,tail,irrelevant,0.36147844564602555,tail,0.36147844564602555
"('accommodate', np.int64(123))",accommodate,color,relevant,0.8778762251403477,tail,0.8778762251403477
"('accommodate', np.int64(123))",accommodate,shape,relevant,0.25819888974716104,tail,0.25819888974716104
"('accommodate', np.int64(124))",accommodate,tail,relevant,0.37796447300922714,shape,0.37796447300922714
"('accommodate', np.int64(124))",accommodate,color,relevant,0.6803360514166088,shape,0.6803360514166088
"('accommodate', np.int64(124))",accommodate,shape,irrelevant,-0.2267786838055363,shape,0.2267786838055363
"('accommodate', np.int64(125))",accommodate,tail,relevant,0.8131433980500301,color,0.8131433980500301
"('accommodate', np.int64(125))",accommodate,color,irrelevant,0.36961063547728634,color,0.36961063547728634
"('accommodate', np.int64(125))",accommodate,shape,relevant,0.36961063547728634,color,0.36961063547728634
"('accommodate', np.int64(126))",accommodate,tail,irrelevant,0.35921060405354976,tail,0.35921060405354976
"('accommodate', np.int64(126))",accommodate,color,relevant,0.7184212081070995,tail,0.7184212081070995
"('accommodate', np.int64(126))",accommodate,shape,relevant,0.17960530202677488,tail,0.17960530202677488
"('accommodate', np.int64(127))",accommodate,tail,irrelevant,0.0,tail,0.0
"('accommodate', np.int64(127))",accommodate,color,relevant,0.1889822365046136,tail,0.1889822365046136
"('accommodate', np.int64(127))",accommodate,shape,relevant,0.9449111825230679,tail,0.9449111825230679
"('accommodate', np.int64(128))",accommodate,tail,relevant,,shape,
"('accommodate', np.int64(128))",accommodate,color,relevant,,shape,
"('accommodate', np.int64(128))",accommodate,shape,irrelevant,,shape,
"('accommodate', np.int64(129))",accommodate,tail,irrelevant,-0.06819943394704735,tail,0.06819943394704735
"('accommodate', np.int64(129))",accommodate,color,relevant,0.7501937734175209,tail,0.7501937734175209
"('accommodate', np.int64(129))",accommodate,shape,relevant,0.6137949055234261,tail,0.6137949055234261
"('accommodate', np.int64(130))",accommodate,tail,irrelevant,0.4068942293855797,tail,0.4068942293855797
"('accommodate', np.int64(130))",accommodate,color,relevant,-0.7324096128940435,tail,0.7324096128940435
"('accommodate', np.int64(130))",accommodate,shape,relevant,0.24413653763134785,tail,0.24413653763134785
"('accommodate', np.int64(131))",accommodate,tail,relevant,0.8838834764831843,color,0.8838834764831843
"('accommodate', np.int64(131))",accommodate,color,irrelevant,0.0,color,0.0
"('accommodate', np.int64(131))",accommodate,shape,relevant,0.08838834764831845,color,0.08838834764831845
"('accommodate', np.int64(132))",accommodate,tail,relevant,0.4687546711276976,shape,0.4687546711276976
"('accommodate', np.int64(132))",accommodate,color,relevant,0.4687546711276976,shape,0.4687546711276976
"('accommodate', np.int64(132))",accommodate,shape,irrelevant,-0.2008948590547275,shape,0.2008948590547275
"('accommodate', np.int64(133))",accommodate,tail,relevant,0.808290376865476,shape,0.808290376865476
"('accommodate', np.int64(133))",accommodate,color,relevant,0.3464101615137754,shape,0.3464101615137754
"('accommodate', np.int64(133))",accommodate,shape,irrelevant,-0.23094010767585027,shape,0.23094010767585027
"('accommodate', np.int64(134))",accommodate,tail,irrelevant,0.0,tail,0.0
"('accommodate', np.int64(134))",accommodate,color,relevant,0.7499999999999999,tail,0.7499999999999999
"('accommodate', np.int64(134))",accommodate,shape,relevant,-0.24999999999999994,tail,0.24999999999999994
"('accommodate', np.int64(135))",accommodate,tail,irrelevant,-0.36961063547728634,tail,0.36961063547728634
"('accommodate', np.int64(135))",accommodate,color,relevant,0.36961063547728634,tail,0.36961063547728634
"('accommodate', np.int64(135))",accommodate,shape,relevant,0.8131433980500301,tail,0.8131433980500301
"('accommodate', np.int64(136))",accommodate,tail,relevant,-0.5726562866781999,color,0.5726562866781999
"('accommodate', np.int64(136))",accommodate,color,irrelevant,0.5726562866781999,color,0.5726562866781999
"('accommodate', np.int64(136))",accommodate,shape,relevant,0.19088542889273333,color,0.19088542889273333
"('accommodate', np.int64(137))",accommodate,tail,relevant,0.7698003589195009,color,0.7698003589195009
"('accommodate', np.int64(137))",accommodate,color,irrelevant,-0.19245008972987523,color,0.19245008972987523
"('accommodate', np.int64(137))",accommodate,shape,relevant,0.38490017945975047,color,0.38490017945975047
"('accommodate', np.int64(138))",accommodate,tail,irrelevant,0.2519763153394848,tail,0.2519763153394848
"('accommodate', np.int64(138))",accommodate,color,relevant,0.37796447300922725,tail,0.37796447300922725
"('accommodate', np.int64(138))",accommodate,shape,relevant,0.8819171036881969,tail,0.8819171036881969
"('accommodate', np.int64(139))",accommodate,tail,relevant,0.4743416490252569,color,0.4743416490252569
"('accommodate', np.int64(139))",accommodate,color,irrelevant,0.0,color,0.0
"('accommodate', np.int64(139))",accommodate,shape,relevant,-0.3162277660168379,color,0.3162277660168379
"('accommodate', np.int64(140))",accommodate,tail,relevant,0.0949157995752499,shape,0.0949157995752499
"('accommodate', np.int64(140))",accommodate,color,relevant,0.47457899787624946,shape,0.47457899787624946
"('accommodate', np.int64(140))",accommodate,shape,irrelevant,0.8542421961772491,shape,0.8542421961772491
"('accommodate', np.int64(141))",accommodate,tail,relevant,0.8195375470622295,color,0.8195375470622295
"('accommodate', np.int64(141))",accommodate,color,irrelevant,0.3824508552957071,color,0.3824508552957071
"('accommodate', np.int64(141))",accommodate,shape,relevant,0.2731791823540765,color,0.2731791823540765
"('accommodate', np.int64(142))",accommodate,tail,relevant,0.0,color,0.0
"('accommodate', np.int64(142))",accommodate,color,irrelevant,0.8728715609439696,color,0.8728715609439696
"('accommodate', np.int64(142))",accommodate,shape,relevant,0.3273268353539886,color,0.3273268353539886
"('accommodate', np.int64(143))",accommodate,tail,relevant,0.19738550848793068,color,0.19738550848793068
"('accommodate', np.int64(143))",accommodate,color,irrelevant,0.3289758474798844,color,0.3289758474798844
"('accommodate', np.int64(143))",accommodate,shape,relevant,0.4605661864718382,color,0.4605661864718382
"('accommodate', np.int64(144))",accommodate,tail,relevant,0.7501937734175209,shape,0.7501937734175209
"('accommodate', np.int64(144))",accommodate,color,relevant,0.20459830184114206,shape,0.20459830184114206
"('accommodate', np.int64(144))",accommodate,shape,irrelevant,0.4773960376293314,shape,0.4773960376293314
"('accommodate', np.int64(145))",accommodate,tail,relevant,0.7293249574894728,color,0.7293249574894728
"('accommodate', np.int64(145))",accommodate,color,irrelevant,0.14586499149789456,color,0.14586499149789456
"('accommodate', np.int64(145))",accommodate,shape,relevant,0.14586499149789456,color,0.14586499149789456
"('accommodate', np.int64(146))",accommodate,tail,irrelevant,0.2955987834492879,tail,0.2955987834492879
"('accommodate', np.int64(146))",accommodate,color,relevant,0.6897304947150051,tail,0.6897304947150051
"('accommodate', np.int64(146))",accommodate,shape,relevant,0.49266463908214647,tail,0.49266463908214647
"('accommodate', np.int64(147))",accommodate,tail,relevant,0.5065022237046951,color,0.5065022237046951
"('accommodate', np.int64(147))",accommodate,color,irrelevant,0.07235746052924216,color,0.07235746052924216
"('accommodate', np.int64(147))",accommodate,shape,relevant,0.3617873026462108,color,0.3617873026462108
"('accommodate', np.int64(148))",accommodate,tail,irrelevant,-0.23791547571544325,tail,0.23791547571544325
"('accommodate', np.int64(148))",accommodate,color,relevant,0.5551361100027009,tail,0.5551361100027009
"('accommodate', np.int64(148))",accommodate,shape,relevant,-0.07930515857181442,tail,0.07930515857181442
"('accommodate', np.int64(149))",accommodate,tail,irrelevant,-0.0773823232534137,tail,0.0773823232534137
"('accommodate', np.int64(149))",accommodate,color,relevant,0.3869116162670684,tail,0.3869116162670684
"('accommodate', np.int64(149))",accommodate,shape,relevant,0.5416762627738958,tail,0.5416762627738958
"('accommodate', np.int64(150))",accommodate,tail,relevant,0.7715167498104595,shape,0.7715167498104595
"('accommodate', np.int64(150))",accommodate,color,relevant,0.6172133998483676,shape,0.6172133998483676
"('accommodate', np.int64(150))",accommodate,shape,irrelevant,0.0,shape,0.0
"('predict', np.int64(1))",predict,tail,relevant,0.6416889479197478,shape,0.6416889479197478
"('predict', np.int64(1))",predict,color,relevant,0.4583492485141056,shape,0.4583492485141056
"('predict', np.int64(1))",predict,shape,irrelevant,0.09166984970282112,shape,0.09166984970282112
"('predict', np.int64(2))",predict,tail,irrelevant,0.6324555320336758,tail,0.6324555320336758
"('predict', np.int64(2))",predict,color,relevant,0.6324555320336758,tail,0.6324555320336758
"('predict', np.int64(2))",predict,shape,relevant,0.15811388300841894,tail,0.15811388300841894
"('predict', np.int64(3))",predict,tail,relevant,0.0,color,0.0
"('predict', np.int64(3))",predict,color,irrelevant,-0.1690308509457033,color,0.1690308509457033
"('predict', np.int64(3))",predict,shape,relevant,0.8451542547285164,color,0.8451542547285164
"('predict', np.int64(4))",predict,tail,irrelevant,0.4303314829119351,tail,0.4303314829119351
"('predict', np.int64(4))",predict,color,relevant,0.4303314829119351,tail,0.4303314829119351
"('predict', np.int64(4))",predict,shape,relevant,0.6024640760767094,tail,0.6024640760767094
"('predict', np.int64(5))",predict,tail,relevant,0.4045199174779452,color,0.4045199174779452
"('predict', np.int64(5))",predict,color,irrelevant,-0.6741998624632419,color,0.6741998624632419
"('predict', np.int64(5))",predict,shape,relevant,0.2696799449852968,color,0.2696799449852968
"('predict', np.int64(6))",predict,tail,relevant,0.48038446141526137,shape,0.48038446141526137
"('predict', np.int64(6))",predict,color,relevant,0.6405126152203485,shape,0.6405126152203485
"('predict', np.int64(6))",predict,shape,irrelevant,0.0,shape,0.0
"('predict', np.int64(7))",predict,tail,relevant,-0.10259783520851538,shape,0.10259783520851538
"('predict', np.int64(7))",predict,color,relevant,0.9233805168766386,shape,0.9233805168766386
"('predict', np.int64(7))",predict,shape,irrelevant,0.3077935056255462,shape,0.3077935056255462
"('predict', np.int64(8))",predict,tail,relevant,-0.1767766952966369,shape,0.1767766952966369
"('predict', np.int64(8))",predict,color,relevant,0.8838834764831843,shape,0.8838834764831843
"('predict', np.int64(8))",predict,shape,irrelevant,-0.1767766952966369,shape,0.1767766952966369
"('predict', np.int64(9))",predict,tail,relevant,0.7645528515426075,shape,0.7645528515426075
"('predict', np.int64(9))",predict,color,relevant,0.4865336327998411,shape,0.4865336327998411
"('predict', np.int64(9))",predict,shape,irrelevant,0.3475240234284579,shape,0.3475240234284579
"('predict', np.int64(10))",predict,tail,relevant,0.6255432421712243,shape,0.6255432421712243
"('predict', np.int64(10))",predict,color,relevant,0.6255432421712243,shape,0.6255432421712243
"('predict', np.int64(10))",predict,shape,irrelevant,0.4170288281141495,shape,0.4170288281141495
"('predict', np.int64(11))",predict,tail,relevant,0.629940788348712,color,0.629940788348712
"('predict', np.int64(11))",predict,color,irrelevant,-0.1259881576697424,color,0.1259881576697424
"('predict', np.int64(11))",predict,shape,relevant,0.629940788348712,color,0.629940788348712
"('predict', np.int64(12))",predict,tail,relevant,0.0,shape,0.0
"('predict', np.int64(12))",predict,color,relevant,0.9607689228305227,shape,0.9607689228305227
"('predict', np.int64(12))",predict,shape,irrelevant,0.0,shape,0.0
"('predict', np.int64(13))",predict,tail,irrelevant,-0.6644105970267493,tail,0.6644105970267493
"('predict', np.int64(13))",predict,color,relevant,-0.0949157995752499,tail,0.0949157995752499
"('predict', np.int64(13))",predict,shape,relevant,0.6644105970267493,tail,0.6644105970267493
"('predict', np.int64(14))",predict,tail,relevant,0.14433756729740643,shape,0.14433756729740643
"('predict', np.int64(14))",predict,color,relevant,0.14433756729740643,shape,0.14433756729740643
"('predict', np.int64(14))",predict,shape,irrelevant,-0.28867513459481287,shape,0.28867513459481287
"('predict', np.int64(15))",predict,tail,relevant,0.8512055557875506,shape,0.8512055557875506
"('predict', np.int64(15))",predict,color,relevant,0.0773823232534137,shape,0.0773823232534137
"('predict', np.int64(15))",predict,shape,irrelevant,-0.0773823232534137,shape,0.0773823232534137
"('predict', np.int64(16))",predict,tail,relevant,0.29514066805047756,shape,0.29514066805047756
"('predict', np.int64(16))",predict,color,relevant,0.7673657369312417,shape,0.7673657369312417
"('predict', np.int64(16))",predict,shape,irrelevant,-0.41319693527066864,shape,0.41319693527066864
"('predict', np.int64(17))",predict,tail,relevant,0.0,shape,0.0
"('predict', np.int64(17))",predict,color,relevant,-0.22941573387056177,shape,0.22941573387056177
"('predict', np.int64(17))",predict,shape,irrelevant,-0.9176629354822471,shape,0.9176629354822471
"('predict', np.int64(18))",predict,tail,relevant,0.35921060405354976,color,0.35921060405354976
"('predict', np.int64(18))",predict,color,irrelevant,0.5388159060803247,color,0.5388159060803247
"('predict', np.int64(18))",predict,shape,relevant,0.0,color,0.0
"('predict', np.int64(19))",predict,tail,relevant,0.41907903806247476,shape,0.41907903806247476
"('predict', np.int64(19))",predict,color,relevant,0.8980265101338745,shape,0.8980265101338745
"('predict', np.int64(19))",predict,shape,irrelevant,-0.05986843400892496,shape,0.05986843400892496
"('predict', np.int64(20))",predict,tail,relevant,0.8867963503478637,shape,0.8867963503478637
"('predict', np.int64(20))",predict,color,relevant,0.2955987834492879,shape,0.2955987834492879
"('predict', np.int64(20))",predict,shape,irrelevant,0.0985329278164293,shape,0.0985329278164293
"('predict', np.int64(21))",predict,tail,relevant,0.5388159060803247,color,0.5388159060803247
"('predict', np.int64(21))",predict,color,irrelevant,0.0,color,0.0
"('predict', np.int64(21))",predict,shape,relevant,-0.17960530202677488,color,0.17960530202677488
"('predict', np.int64(22))",predict,tail,irrelevant,0.14002800840280097,tail,0.14002800840280097
"('predict', np.int64(22))",predict,color,relevant,0.8401680504168059,tail,0.8401680504168059
"('predict', np.int64(22))",predict,shape,relevant,0.42008402520840293,tail,0.42008402520840293
"('predict', np.int64(23))",predict,tail,relevant,0.1348399724926484,color,0.1348399724926484
"('predict', np.int64(23))",predict,color,irrelevant,0.4045199174779452,color,0.4045199174779452
"('predict', np.int64(23))",predict,shape,relevant,0.8090398349558904,color,0.8090398349558904
"('predict', np.int64(24))",predict,tail,relevant,0.7324096128940435,color,0.7324096128940435
"('predict', np.int64(24))",predict,color,irrelevant,0.08137884587711594,color,0.08137884587711594
"('predict', np.int64(24))",predict,shape,relevant,0.4068942293855797,color,0.4068942293855797
"('predict', np.int64(25))",predict,tail,irrelevant,-0.4160251471689218,tail,0.4160251471689218
"('predict', np.int64(25))",predict,color,relevant,0.13867504905630726,tail,0.13867504905630726
"('predict', np.int64(25))",predict,shape,relevant,-0.2773500981126145,tail,0.2773500981126145
"('predict', np.int64(26))",predict,tail,irrelevant,0.1849879247934622,tail,0.1849879247934622
"('predict', np.int64(26))",predict,color,relevant,0.1849879247934622,tail,0.1849879247934622
"('predict', np.int64(26))",predict,shape,relevant,0.9249396239673109,tail,0.9249396239673109
"('predict', np.int64(27))",predict,tail,relevant,0.07088812050083358,color,0.07088812050083358
"('predict', np.int64(27))",predict,color,irrelevant,0.21266436150250076,color,0.21266436150250076
"('predict', np.int64(27))",predict,shape,relevant,0.07088812050083358,color,0.07088812050083358
"('predict', np.int64(28))",predict,tail,irrelevant,-0.06696495301824251,tail,0.06696495301824251
"('predict', np.int64(28))",predict,color,relevant,0.3348247650912125,tail,0.3348247650912125
"('predict', np.int64(28))",predict,shape,relevant,0.8705443892371525,tail,0.8705443892371525
"('predict', np.int64(29))",predict,tail,relevant,0.6319334885835687,shape,0.6319334885835687
"('predict', np.int64(29))",predict,color,relevant,0.7468304865078538,shape,0.7468304865078538
"('predict', np.int64(29))",predict,shape,irrelevant,-0.0574484989621426,shape,0.0574484989621426
"('predict', np.int64(30))",predict,tail,irrelevant,0.28867513459481287,tail,0.28867513459481287
"('predict', np.int64(30))",predict,color,relevant,0.28867513459481287,tail,0.28867513459481287
"('predict', np.int64(30))",predict,shape,relevant,0.8660254037844386,tail,0.8660254037844386
"('predict', np.int64(31))",predict,tail,relevant,0.5570860145311556,shape,0.5570860145311556
"('predict', np.int64(31))",predict,color,relevant,0.5570860145311556,shape,0.5570860145311556
"('predict', np.int64(31))",predict,shape,irrelevant,0.5570860145311556,shape,0.5570860145311556
"('predict', np.int64(32))",predict,tail,relevant,-0.5488212999484516,shape,0.5488212999484516
"('predict', np.int64(32))",predict,color,relevant,0.43905703995876133,shape,0.43905703995876133
"('predict', np.int64(32))",predict,shape,irrelevant,-0.6585855599381419,shape,0.6585855599381419
"('predict', np.int64(33))",predict,tail,relevant,0.6964409092807232,color,0.6964409092807232
"('predict', np.int64(33))",predict,color,irrelevant,0.5416762627738958,color,0.5416762627738958
"('predict', np.int64(33))",predict,shape,relevant,0.3869116162670684,color,0.3869116162670684
"('predict', np.int64(34))",predict,tail,relevant,0.7001400420140048,color,0.7001400420140048
"('predict', np.int64(34))",predict,color,irrelevant,0.0,color,0.0
"('predict', np.int64(34))",predict,shape,relevant,0.7001400420140048,color,0.7001400420140048
"('predict', np.int64(35))",predict,tail,relevant,-0.08137884587711594,shape,0.08137884587711594
"('predict', np.int64(35))",predict,color,relevant,-0.24413653763134785,shape,0.24413653763134785
"('predict', np.int64(35))",predict,shape,irrelevant,0.08137884587711594,shape,0.08137884587711594
"('predict', np.int64(36))",predict,tail,irrelevant,-0.8451542547285164,tail,0.8451542547285164
"('predict', np.int64(36))",predict,color,relevant,-0.3380617018914066,tail,0.3380617018914066
"('predict', np.int64(36))",predict,shape,relevant,0.0,tail,0.0
"('predict', np.int64(37))",predict,tail,relevant,0.8409000955590962,color,0.8409000955590962
"('predict', np.int64(37))",predict,color,irrelevant,0.19405386820594528,color,0.19405386820594528
"('predict', np.int64(37))",predict,shape,relevant,-0.0646846227353151,color,0.0646846227353151
"('predict', np.int64(38))",predict,tail,relevant,0.35444060250416787,color,0.35444060250416787
"('predict', np.int64(38))",predict,color,irrelevant,0.07088812050083358,color,0.07088812050083358
"('predict', np.int64(38))",predict,shape,relevant,0.9215455665108365,color,0.9215455665108365
"('predict', np.int64(39))",predict,tail,relevant,-0.2696799449852968,shape,0.2696799449852968
"('predict', np.int64(39))",predict,color,relevant,0.1348399724926484,shape,0.1348399724926484
"('predict', np.int64(39))",predict,shape,irrelevant,-0.5393598899705936,shape,0.5393598899705936
"('predict', np.int64(40))",predict,tail,relevant,-0.41907903806247476,shape,0.41907903806247476
"('predict', np.int64(40))",predict,color,relevant,0.1796053020267749,shape,0.1796053020267749
"('predict', np.int64(40))",predict,shape,irrelevant,-0.41907903806247476,shape,0.41907903806247476
"('predict', np.int64(41))",predict,tail,relevant,0.408248290463863,color,0.408248290463863
"('predict', np.int64(41))",predict,color,irrelevant,0.2041241452319315,color,0.2041241452319315
"('predict', np.int64(41))",predict,shape,relevant,0.408248290463863,color,0.408248290463863
"('predict', np.int64(42))",predict,tail,irrelevant,-0.23735633163877065,tail,0.23735633163877065
"('predict', np.int64(42))",predict,color,relevant,0.4747126632775413,tail,0.4747126632775413
"('predict', np.int64(42))",predict,shape,relevant,0.8307471607356973,tail,0.8307471607356973
"('predict', np.int64(43))",predict,tail,relevant,0.0,color,0.0
"('predict', np.int64(43))",predict,color,irrelevant,0.8017837257372731,color,0.8017837257372731
"('predict', np.int64(43))",predict,shape,relevant,0.5345224838248487,color,0.5345224838248487
"('predict', np.int64(44))",predict,tail,relevant,0.07930515857181442,color,0.07930515857181442
"('predict', np.int64(44))",predict,color,irrelevant,0.7137464271463297,color,0.7137464271463297
"('predict', np.int64(44))",predict,shape,relevant,0.23791547571544325,color,0.23791547571544325
"('predict', np.int64(45))",predict,tail,relevant,0.6099942813304187,shape,0.6099942813304187
"('predict', np.int64(45))",predict,color,relevant,0.457495710997814,shape,0.457495710997814
"('predict', np.int64(45))",predict,shape,irrelevant,-0.6099942813304187,shape,0.6099942813304187
"('predict', np.int64(46))",predict,tail,irrelevant,-0.27500954910846337,tail,0.27500954910846337
"('predict', np.int64(46))",predict,color,relevant,0.4583492485141056,tail,0.4583492485141056
"('predict', np.int64(46))",predict,shape,relevant,0.4583492485141056,tail,0.4583492485141056
"('predict', np.int64(47))",predict,tail,relevant,0.6405126152203485,color,0.6405126152203485
"('predict', np.int64(47))",predict,color,irrelevant,0.32025630761017426,color,0.32025630761017426
"('predict', np.int64(47))",predict,shape,relevant,0.48038446141526137,color,0.48038446141526137
"('predict', np.int64(48))",predict,tail,irrelevant,0.36650833306891567,tail,0.36650833306891567
"('predict', np.int64(48))",predict,color,relevant,0.7330166661378313,tail,0.7330166661378313
"('predict', np.int64(48))",predict,shape,relevant,-0.12216944435630522,tail,0.12216944435630522
"('predict', np.int64(49))",predict,tail,relevant,0.5773502691896257,shape,0.5773502691896257
"('predict', np.int64(49))",predict,color,relevant,0.0,shape,0.0
"('predict', np.int64(49))",predict,shape,irrelevant,0.0,shape,0.0
"('predict', np.int64(50))",predict,tail,relevant,0.8944271909999159,color,0.8944271909999159
"('predict', np.int64(50))",predict,color,irrelevant,0.0,color,0.0
"('predict', np.int64(50))",predict,shape,relevant,0.4472135954999579,color,0.4472135954999579
"('predict', np.int64(51))",predict,tail,irrelevant,0.0,tail,0.0
"('predict', np.int64(51))",predict,color,relevant,0.7504787743864565,tail,0.7504787743864565
"('predict', np.int64(51))",predict,shape,relevant,0.5360562674188974,tail,0.5360562674188974
"('predict', np.int64(52))",predict,tail,relevant,0.8017837257372731,color,0.8017837257372731
"('predict', np.int64(52))",predict,color,irrelevant,0.0,color,0.0
"('predict', np.int64(52))",predict,shape,relevant,0.40089186286863654,color,0.40089186286863654
"('predict', np.int64(53))",predict,tail,irrelevant,-0.6782890575760281,tail,0.6782890575760281
"('predict', np.int64(53))",predict,color,relevant,0.6782890575760281,tail,0.6782890575760281
"('predict', np.int64(53))",predict,shape,relevant,-0.1849879247934622,tail,0.1849879247934622
"('predict', np.int64(54))",predict,tail,relevant,0.48038446141526137,color,0.48038446141526137
"('predict', np.int64(54))",predict,color,irrelevant,0.26688025634181184,color,0.26688025634181184
"('predict', np.int64(54))",predict,shape,relevant,0.8006407690254356,color,0.8006407690254356
"('predict', np.int64(55))",predict,tail,relevant,0.0,shape,0.0
"('predict', np.int64(55))",predict,color,relevant,0.8980265101338744,shape,0.8980265101338744
"('predict', np.int64(55))",predict,shape,irrelevant,0.0,shape,0.0
"('predict', np.int64(56))",predict,tail,relevant,0.0,color,0.0
"('predict', np.int64(56))",predict,color,irrelevant,-0.19245008972987523,color,0.19245008972987523
"('predict', np.int64(56))",predict,shape,relevant,0.5773502691896257,color,0.5773502691896257
"('predict', np.int64(57))",predict,tail,relevant,-0.04956815970966096,shape,0.04956815970966096
"('predict', np.int64(57))",predict,color,relevant,0.44611343738694864,shape,0.44611343738694864
"('predict', np.int64(57))",predict,shape,irrelevant,-0.14870447912898288,shape,0.14870447912898288
"('predict', np.int64(58))",predict,tail,relevant,-0.09166984970282112,color,0.09166984970282112
"('predict', np.int64(58))",predict,color,irrelevant,-0.27500954910846337,color,0.27500954910846337
"('predict', np.int64(58))",predict,shape,relevant,-0.6416889479197478,color,0.6416889479197478
"('predict', np.int64(59))",predict,tail,relevant,0.562543950463012,color,0.562543950463012
"('predict', np.int64(59))",predict,color,irrelevant,-0.11250879009260238,color,0.11250879009260238
"('predict', np.int64(59))",predict,shape,relevant,-0.3375263702778072,color,0.3375263702778072
"('predict', np.int64(60))",predict,tail,irrelevant,0.0,tail,0.0
"('predict', np.int64(60))",predict,color,relevant,0.1767766952966369,tail,0.1767766952966369
"('predict', np.int64(60))",predict,shape,relevant,0.8838834764831843,tail,0.8838834764831843
"('predict', np.int64(61))",predict,tail,irrelevant,0.4436782547080568,tail,0.4436782547080568
"('predict', np.int64(61))",predict,color,relevant,0.6211495565912796,tail,0.6211495565912796
"('predict', np.int64(61))",predict,shape,relevant,0.4436782547080568,tail,0.4436782547080568
"('predict', np.int64(62))",predict,tail,irrelevant,-0.11867816581938533,tail,0.11867816581938533
"('predict', np.int64(62))",predict,color,relevant,0.8307471607356973,tail,0.8307471607356973
"('predict', np.int64(62))",predict,shape,relevant,0.0,tail,0.0
"('predict', np.int64(63))",predict,tail,relevant,0.17960530202677488,color,0.17960530202677488
"('predict', np.int64(63))",predict,color,irrelevant,-0.17960530202677488,color,0.17960530202677488
"('predict', np.int64(63))",predict,shape,relevant,-0.17960530202677488,color,0.17960530202677488
"('predict', np.int64(64))",predict,tail,irrelevant,-0.3409971697352367,tail,0.3409971697352367
"('predict', np.int64(64))",predict,color,relevant,0.6137949055234261,tail,0.6137949055234261
"('predict', np.int64(64))",predict,shape,relevant,0.20459830184114206,tail,0.20459830184114206
"('predict', np.int64(65))",predict,tail,relevant,0.7537783614444089,color,0.7537783614444089
"('predict', np.int64(65))",predict,color,irrelevant,-0.30151134457776363,color,0.30151134457776363
"('predict', np.int64(65))",predict,shape,relevant,-0.15075567228888181,color,0.15075567228888181
"('predict', np.int64(66))",predict,tail,relevant,0.408248290463863,color,0.408248290463863
"('predict', np.int64(66))",predict,color,irrelevant,0.2041241452319315,color,0.2041241452319315
"('predict', np.int64(66))",predict,shape,relevant,0.2041241452319315,color,0.2041241452319315
"('predict', np.int64(67))",predict,tail,irrelevant,0.15075567228888181,tail,0.15075567228888181
"('predict', np.int64(67))",predict,color,relevant,0.9045340337332908,tail,0.9045340337332908
"('predict', np.int64(67))",predict,shape,relevant,0.0,tail,0.0
"('predict', np.int64(68))",predict,tail,relevant,0.6509445549041193,shape,0.6509445549041193
"('predict', np.int64(68))",predict,color,relevant,0.2603778219616477,shape,0.2603778219616477
"('predict', np.int64(68))",predict,shape,irrelevant,-0.39056673294247163,shape,0.39056673294247163
"('predict', np.int64(69))",predict,tail,irrelevant,-0.5388159060803247,tail,0.5388159060803247
"('predict', np.int64(69))",predict,color,relevant,0.17960530202677488,tail,0.17960530202677488
"('predict', np.int64(69))",predict,shape,relevant,-0.17960530202677488,tail,0.17960530202677488
"('predict', np.int64(70))",predict,tail,relevant,0.4472135954999579,shape,0.4472135954999579
"('predict', np.int64(70))",predict,color,relevant,0.6708203932499369,shape,0.6708203932499369
"('predict', np.int64(70))",predict,shape,irrelevant,-0.22360679774997896,shape,0.22360679774997896
"('predict', np.int64(71))",predict,tail,relevant,-0.5,color,0.5
"('predict', np.int64(71))",predict,color,irrelevant,0.0,color,0.0
"('predict', np.int64(71))",predict,shape,relevant,0.8333333333333333,color,0.8333333333333333
"('predict', np.int64(72))",predict,tail,irrelevant,0.9354143466934853,tail,0.9354143466934853
"('predict', np.int64(72))",predict,color,relevant,0.26726124191242434,tail,0.26726124191242434
"('predict', np.int64(72))",predict,shape,relevant,-0.13363062095621217,tail,0.13363062095621217
"('predict', np.int64(73))",predict,tail,relevant,0.40755575681770734,color,0.40755575681770734
"('predict', np.int64(73))",predict,color,irrelevant,-0.058222250973958195,color,0.058222250973958195
"('predict', np.int64(73))",predict,shape,relevant,0.2911112548697909,color,0.2911112548697909
"('predict', np.int64(74))",predict,tail,relevant,0.7499999999999999,color,0.7499999999999999
"('predict', np.int64(74))",predict,color,irrelevant,0.24999999999999994,color,0.24999999999999994
"('predict', np.int64(74))",predict,shape,relevant,0.4999999999999999,color,0.4999999999999999
"('predict', np.int64(75))",predict,tail,relevant,0.9467292624062574,color,0.9467292624062574
"('predict', np.int64(75))",predict,color,irrelevant,0.08606629658238704,color,0.08606629658238704
"('predict', np.int64(75))",predict,shape,relevant,0.08606629658238704,color,0.08606629658238704
"('predict', np.int64(76))",predict,tail,irrelevant,0.5834599659915782,tail,0.5834599659915782
"('predict', np.int64(76))",predict,color,relevant,0.5834599659915782,tail,0.5834599659915782
"('predict', np.int64(76))",predict,shape,relevant,0.2917299829957891,tail,0.2917299829957891
"('predict', np.int64(77))",predict,tail,irrelevant,0.24413653763134785,tail,0.24413653763134785
"('predict', np.int64(77))",predict,color,relevant,0.08137884587711594,tail,0.08137884587711594
"('predict', np.int64(77))",predict,shape,relevant,0.5696519211398117,tail,0.5696519211398117
"('predict', np.int64(78))",predict,tail,relevant,0.8728715609439696,shape,0.8728715609439696
"('predict', np.int64(78))",predict,color,relevant,0.1091089451179962,shape,0.1091089451179962
"('predict', np.int64(78))",predict,shape,irrelevant,0.3273268353539886,shape,0.3273268353539886
"('predict', np.int64(79))",predict,tail,relevant,0.5773502691896256,shape,0.5773502691896256
"('predict', np.int64(79))",predict,color,relevant,0.6928203230275508,shape,0.6928203230275508
"('predict', np.int64(79))",predict,shape,irrelevant,0.0,shape,0.0
"('predict', np.int64(80))",predict,tail,relevant,0.6405126152203485,shape,0.6405126152203485
"('predict', np.int64(80))",predict,color,relevant,0.6405126152203485,shape,0.6405126152203485
"('predict', np.int64(80))",predict,shape,irrelevant,0.16012815380508713,shape,0.16012815380508713
"('predict', np.int64(81))",predict,tail,relevant,0.37796447300922714,shape,0.37796447300922714
"('predict', np.int64(81))",predict,color,relevant,0.8315218406202998,shape,0.8315218406202998
"('predict', np.int64(81))",predict,shape,irrelevant,-0.37796447300922714,shape,0.37796447300922714
"('predict', np.int64(82))",predict,tail,relevant,-0.629940788348712,shape,0.629940788348712
"('predict', np.int64(82))",predict,color,relevant,-0.629940788348712,shape,0.629940788348712
"('predict', np.int64(82))",predict,shape,irrelevant,-0.1259881576697424,shape,0.1259881576697424
"('predict', np.int64(83))",predict,tail,relevant,0.9449111825230679,color,0.9449111825230679
"('predict', np.int64(83))",predict,color,irrelevant,-0.1889822365046136,color,0.1889822365046136
"('predict', np.int64(83))",predict,shape,relevant,0.0,color,0.0
"('predict', np.int64(84))",predict,tail,relevant,-0.6585855599381419,color,0.6585855599381419
"('predict', np.int64(84))",predict,color,irrelevant,0.0,color,0.0
"('predict', np.int64(84))",predict,shape,relevant,0.10976425998969033,color,0.10976425998969033
"('predict', np.int64(85))",predict,tail,relevant,0.0,shape,0.0
"('predict', np.int64(85))",predict,color,relevant,0.8660254037844386,shape,0.8660254037844386
"('predict', np.int64(85))",predict,shape,irrelevant,0.14433756729740643,shape,0.14433756729740643
"('predict', np.int64(86))",predict,tail,relevant,0.30151134457776363,shape,0.30151134457776363
"('predict', np.int64(86))",predict,color,relevant,0.9045340337332908,shape,0.9045340337332908
"('predict', np.int64(86))",predict,shape,irrelevant,0.0,shape,0.0
"('predict', np.int64(87))",predict,tail,irrelevant,-0.17960530202677488,tail,0.17960530202677488
"('predict', np.int64(87))",predict,color,relevant,-0.17960530202677488,tail,0.17960530202677488
"('predict', np.int64(87))",predict,shape,relevant,-0.8980265101338744,tail,0.8980265101338744
"('predict', np.int64(88))",predict,tail,irrelevant,-0.3779644730092272,tail,0.3779644730092272
"('predict', np.int64(88))",predict,color,relevant,-0.3779644730092272,tail,0.3779644730092272
"('predict', np.int64(88))",predict,shape,relevant,0.0,tail,0.0
"('predict', np.int64(89))",predict,tail,irrelevant,-0.2519763153394848,tail,0.2519763153394848
"('predict', np.int64(89))",predict,color,relevant,0.1259881576697424,tail,0.1259881576697424
"('predict', np.int64(89))",predict,shape,relevant,0.629940788348712,tail,0.629940788348712
"('predict', np.int64(90))",predict,tail,relevant,0.7504787743864565,shape,0.7504787743864565
"('predict', np.int64(90))",predict,color,relevant,0.32163376045133846,shape,0.32163376045133846
"('predict', np.int64(90))",predict,shape,irrelevant,-0.5360562674188974,shape,0.5360562674188974
"('predict', np.int64(91))",predict,tail,irrelevant,0.16012815380508713,tail,0.16012815380508713
"('predict', np.int64(91))",predict,color,relevant,0.9607689228305227,tail,0.9607689228305227
"('predict', np.int64(91))",predict,shape,relevant,0.16012815380508713,tail,0.16012815380508713
"('predict', np.int64(92))",predict,tail,relevant,0.3077935056255462,shape,0.3077935056255462
"('predict', np.int64(92))",predict,color,relevant,0.7181848464596078,shape,0.7181848464596078
"('predict', np.int64(92))",predict,shape,irrelevant,0.5129891760425769,shape,0.5129891760425769
"('predict', np.int64(93))",predict,tail,irrelevant,-0.3617873026462108,tail,0.3617873026462108
"('predict', np.int64(93))",predict,color,relevant,0.6512171447631795,tail,0.6512171447631795
"('predict', np.int64(93))",predict,shape,relevant,0.6512171447631795,tail,0.6512171447631795
"('predict', np.int64(94))",predict,tail,relevant,0.0,color,0.0
"('predict', np.int64(94))",predict,color,irrelevant,-0.26726124191242434,color,0.26726124191242434
"('predict', np.int64(94))",predict,shape,relevant,-0.5345224838248487,color,0.5345224838248487
"('predict', np.int64(95))",predict,tail,irrelevant,0.16666666666666666,tail,0.16666666666666666
"('predict', np.int64(95))",predict,color,relevant,0.8333333333333333,tail,0.8333333333333333
"('predict', np.int64(95))",predict,shape,relevant,0.5,tail,0.5
"('predict', np.int64(96))",predict,tail,irrelevant,,tail,
"('predict', np.int64(96))",predict,color,relevant,,tail,
"('predict', np.int64(96))",predict,shape,relevant,,tail,
"('predict', np.int64(97))",predict,tail,relevant,-0.1690308509457033,shape,0.1690308509457033
"('predict', np.int64(97))",predict,color,relevant,0.0,shape,0.0
"('predict', np.int64(97))",predict,shape,irrelevant,0.5070925528371099,shape,0.5070925528371099
"('predict', np.int64(98))",predict,tail,relevant,-0.4045199174779452,color,0.4045199174779452
"('predict', np.int64(98))",predict,color,irrelevant,-0.4045199174779452,color,0.4045199174779452
"('predict', np.int64(98))",predict,shape,relevant,0.6741998624632419,color,0.6741998624632419
"('predict', np.int64(99))",predict,tail,relevant,0.6644105970267493,color,0.6644105970267493
"('predict', np.int64(99))",predict,color,irrelevant,-0.0949157995752499,color,0.0949157995752499
"('predict', np.int64(99))",predict,shape,relevant,0.6644105970267493,color,0.6644105970267493
"('predict', np.int64(100))",predict,tail,relevant,0.6741998624632419,shape,0.6741998624632419
"('predict', np.int64(100))",predict,color,relevant,0.4045199174779452,shape,0.4045199174779452
"('predict', np.int64(100))",predict,shape,irrelevant,-0.1348399724926484,shape,0.1348399724926484
"('predict', np.int64(101))",predict,tail,relevant,0.5773502691896257,shape,0.5773502691896257
"('predict', np.int64(101))",predict,color,relevant,0.38490017945975047,shape,0.38490017945975047
"('predict', np.int64(101))",predict,shape,irrelevant,-0.19245008972987523,shape,0.19245008972987523
"('predict', np.int64(102))",predict,tail,relevant,0.11250879009260238,shape,0.11250879009260238
"('predict', np.int64(102))",predict,color,relevant,0.7875615306482168,shape,0.7875615306482168
"('predict', np.int64(102))",predict,shape,irrelevant,-0.3375263702778072,shape,0.3375263702778072
"('predict', np.int64(103))",predict,tail,relevant,0.0,color,0.0
"('predict', np.int64(103))",predict,color,irrelevant,0.9999999999999998,color,0.9999999999999998
"('predict', np.int64(103))",predict,shape,relevant,0.0,color,0.0
"('predict', np.int64(104))",predict,tail,irrelevant,0.0,tail,0.0
"('predict', np.int64(104))",predict,color,relevant,0.5773502691896256,tail,0.5773502691896256
"('predict', np.int64(104))",predict,shape,relevant,0.808290376865476,tail,0.808290376865476
"('predict', np.int64(105))",predict,tail,relevant,0.1259881576697424,color,0.1259881576697424
"('predict', np.int64(105))",predict,color,irrelevant,0.37796447300922725,color,0.37796447300922725
"('predict', np.int64(105))",predict,shape,relevant,0.8819171036881969,color,0.8819171036881969
"('predict', np.int64(106))",predict,tail,relevant,0.9438798074485388,shape,0.9438798074485388
"('predict', np.int64(106))",predict,color,relevant,0.0,shape,0.0
"('predict', np.int64(106))",predict,shape,irrelevant,0.0,shape,0.0
"('predict', np.int64(107))",predict,tail,relevant,0.7797693255091694,shape,0.7797693255091694
"('predict', np.int64(107))",predict,color,relevant,0.4962168435058351,shape,0.4962168435058351
"('predict', np.int64(107))",predict,shape,irrelevant,0.21266436150250076,shape,0.21266436150250076
"('predict', np.int64(108))",predict,tail,irrelevant,-0.14586499149789456,tail,0.14586499149789456
"('predict', np.int64(108))",predict,color,relevant,0.4375949744936837,tail,0.4375949744936837
"('predict', np.int64(108))",predict,shape,relevant,0.7293249574894728,tail,0.7293249574894728
"('predict', np.int64(109))",predict,tail,relevant,0.4045199174779452,shape,0.4045199174779452
"('predict', np.int64(109))",predict,color,relevant,0.5393598899705936,shape,0.5393598899705936
"('predict', np.int64(109))",predict,shape,irrelevant,0.2696799449852968,shape,0.2696799449852968
"('predict', np.int64(110))",predict,tail,relevant,-0.20459830184114206,color,0.20459830184114206
"('predict', np.int64(110))",predict,color,irrelevant,-0.4773960376293314,color,0.4773960376293314
"('predict', np.int64(110))",predict,shape,relevant,0.20459830184114206,color,0.20459830184114206
"('predict', np.int64(111))",predict,tail,irrelevant,-0.3824508552957071,tail,0.3824508552957071
"('predict', np.int64(111))",predict,color,relevant,0.2731791823540765,tail,0.2731791823540765
"('predict', np.int64(111))",predict,shape,relevant,0.4917225282373377,tail,0.4917225282373377
"('predict', np.int64(112))",predict,tail,relevant,-0.457495710997814,color,0.457495710997814
"('predict', np.int64(112))",predict,color,irrelevant,-0.30499714066520933,color,0.30499714066520933
"('predict', np.int64(112))",predict,shape,relevant,0.0,color,0.0
"('predict', np.int64(113))",predict,tail,relevant,0.6803360514166088,color,0.6803360514166088
"('predict', np.int64(113))",predict,color,irrelevant,-0.2267786838055363,color,0.2267786838055363
"('predict', np.int64(113))",predict,shape,relevant,0.6803360514166088,color,0.6803360514166088
"('predict', np.int64(114))",predict,tail,irrelevant,0.058222250973958195,tail,0.058222250973958195
"('predict', np.int64(114))",predict,color,relevant,0.7568892626614565,tail,0.7568892626614565
"('predict', np.int64(114))",predict,shape,relevant,-0.058222250973958195,tail,0.058222250973958195
"('predict', np.int64(115))",predict,tail,relevant,0.8006407690254356,color,0.8006407690254356
"('predict', np.int64(115))",predict,color,irrelevant,0.32025630761017426,color,0.32025630761017426
"('predict', np.int64(115))",predict,shape,relevant,0.16012815380508713,color,0.16012815380508713
"('predict', np.int64(116))",predict,tail,irrelevant,-0.4181210050035453,tail,0.4181210050035453
"('predict', np.int64(116))",predict,color,relevant,0.7526178090063815,tail,0.7526178090063815
"('predict', np.int64(116))",predict,shape,relevant,-0.4181210050035453,tail,0.4181210050035453
"('predict', np.int64(117))",predict,tail,irrelevant,0.7499999999999999,tail,0.7499999999999999
"('predict', np.int64(117))",predict,color,relevant,0.24999999999999994,tail,0.24999999999999994
"('predict', np.int64(117))",predict,shape,relevant,0.24999999999999994,tail,0.24999999999999994
"('predict', np.int64(118))",predict,tail,relevant,-0.2955987834492879,shape,0.2955987834492879
"('predict', np.int64(118))",predict,color,relevant,0.6897304947150051,shape,0.6897304947150051
"('predict', np.int64(118))",predict,shape,irrelevant,-0.49266463908214647,shape,0.49266463908214647
"('predict', np.int64(119))",predict,tail,relevant,0.5163977794943222,shape,0.5163977794943222
"('predict', np.int64(119))",predict,color,relevant,0.6454972243679027,shape,0.6454972243679027
"('predict', np.int64(119))",predict,shape,irrelevant,0.0,shape,0.0
"('predict', np.int64(120))",predict,tail,relevant,-0.48038446141526137,shape,0.48038446141526137
"('predict', np.int64(120))",predict,color,relevant,0.8006407690254356,shape,0.8006407690254356
"('predict', np.int64(120))",predict,shape,irrelevant,-0.16012815380508713,shape,0.16012815380508713
"('predict', np.int64(121))",predict,tail,irrelevant,0.37796447300922714,tail,0.37796447300922714
"('predict', np.int64(121))",predict,color,relevant,-0.07559289460184544,tail,0.07559289460184544
"('predict', np.int64(121))",predict,shape,relevant,-0.07559289460184544,tail,0.07559289460184544
"('predict', np.int64(122))",predict,tail,relevant,0.13867504905630726,shape,0.13867504905630726
"('predict', np.int64(122))",predict,color,relevant,0.2773500981126145,shape,0.2773500981126145
"('predict', np.int64(122))",predict,shape,irrelevant,0.554700196225229,shape,0.554700196225229
"('predict', np.int64(123))",predict,tail,irrelevant,0.0,tail,0.0
"('predict', np.int64(123))",predict,color,relevant,0.808290376865476,tail,0.808290376865476
"('predict', np.int64(123))",predict,shape,relevant,0.5773502691896256,tail,0.5773502691896256
"('predict', np.int64(124))",predict,tail,relevant,0.4865336327998411,shape,0.4865336327998411
"('predict', np.int64(124))",predict,color,relevant,0.7645528515426075,shape,0.7645528515426075
"('predict', np.int64(124))",predict,shape,irrelevant,0.3475240234284579,shape,0.3475240234284579
"('predict', np.int64(125))",predict,tail,relevant,0.9176629354822471,color,0.9176629354822471
"('predict', np.int64(125))",predict,color,irrelevant,0.0,color,0.0
"('predict', np.int64(125))",predict,shape,relevant,0.0,color,0.0
"('predict', np.int64(126))",predict,tail,irrelevant,0.5388159060803247,tail,0.5388159060803247
"('predict', np.int64(126))",predict,color,relevant,0.17960530202677488,tail,0.17960530202677488
"('predict', np.int64(126))",predict,shape,relevant,0.17960530202677488,tail,0.17960530202677488
"('predict', np.int64(127))",predict,tail,irrelevant,-0.26726124191242434,tail,0.26726124191242434
"('predict', np.int64(127))",predict,color,relevant,0.5345224838248487,tail,0.5345224838248487
"('predict', np.int64(127))",predict,shape,relevant,0.8017837257372731,tail,0.8017837257372731
"('predict', np.int64(128))",predict,tail,relevant,0.7184212081070995,shape,0.7184212081070995
"('predict', np.int64(128))",predict,color,relevant,0.35921060405354976,shape,0.35921060405354976
"('predict', np.int64(128))",predict,shape,irrelevant,0.35921060405354976,shape,0.35921060405354976
"('predict', np.int64(129))",predict,tail,irrelevant,-0.5,tail,0.5
"('predict', np.int64(129))",predict,color,relevant,-0.16666666666666666,tail,0.16666666666666666
"('predict', np.int64(129))",predict,shape,relevant,0.0,tail,0.0
"('predict', np.int64(130))",predict,tail,irrelevant,0.23735633163877065,tail,0.23735633163877065
"('predict', np.int64(130))",predict,color,relevant,-0.23735633163877065,tail,0.23735633163877065
"('predict', np.int64(130))",predict,shape,relevant,0.712068994916312,tail,0.712068994916312
"('predict', np.int64(131))",predict,tail,relevant,0.46188021535170054,color,0.46188021535170054
"('predict', np.int64(131))",predict,color,irrelevant,0.46188021535170054,color,0.46188021535170054
"('predict', np.int64(131))",predict,shape,relevant,0.6928203230275508,color,0.6928203230275508
"('predict', np.int64(132))",predict,tail,relevant,0.7526178090063815,shape,0.7526178090063815
"('predict', np.int64(132))",predict,color,relevant,0.2508726030021272,shape,0.2508726030021272
"('predict', np.int64(132))",predict,shape,irrelevant,0.5853694070049634,shape,0.5853694070049634
"('predict', np.int64(133))",predict,tail,relevant,0.6454972243679027,shape,0.6454972243679027
"('predict', np.int64(133))",predict,color,relevant,0.6454972243679027,shape,0.6454972243679027
"('predict', np.int64(133))",predict,shape,irrelevant,-0.38729833462074165,shape,0.38729833462074165
"('predict', np.int64(134))",predict,tail,irrelevant,-0.6396021490668313,tail,0.6396021490668313
"('predict', np.int64(134))",predict,color,relevant,0.533001790889026,tail,0.533001790889026
"('predict', np.int64(134))",predict,shape,relevant,0.42640143271122083,tail,0.42640143271122083
"('predict', np.int64(135))",predict,tail,irrelevant,-0.5388159060803247,tail,0.5388159060803247
"('predict', np.int64(135))",predict,color,relevant,0.5388159060803247,tail,0.5388159060803247
"('predict', np.int64(135))",predict,shape,relevant,-0.17960530202677488,tail,0.17960530202677488
"('predict', np.int64(136))",predict,tail,relevant,0.4436782547080568,color,0.4436782547080568
"('predict', np.int64(136))",predict,color,irrelevant,-0.6211495565912796,color,0.6211495565912796
"('predict', np.int64(136))",predict,shape,relevant,0.6211495565912796,color,0.6211495565912796
"('predict', np.int64(137))",predict,tail,relevant,0.8333333333333333,color,0.8333333333333333
"('predict', np.int64(137))",predict,color,irrelevant,0.16666666666666666,color,0.16666666666666666
"('predict', np.int64(137))",predict,shape,relevant,0.5,color,0.5
"('predict', np.int64(138))",predict,tail,irrelevant,-0.8728715609439696,tail,0.8728715609439696
"('predict', np.int64(138))",predict,color,relevant,0.2182178902359924,tail,0.2182178902359924
"('predict', np.int64(138))",predict,shape,relevant,0.1091089451179962,tail,0.1091089451179962
"('predict', np.int64(139))",predict,tail,relevant,0.06579516949597689,color,0.06579516949597689
"('predict', np.int64(139))",predict,color,irrelevant,0.7237468644557458,color,0.7237468644557458
"('predict', np.int64(139))",predict,shape,relevant,-0.06579516949597689,color,0.06579516949597689
"('predict', np.int64(140))",predict,tail,relevant,0.7181848464596078,shape,0.7181848464596078
"('predict', np.int64(140))",predict,color,relevant,0.3077935056255462,shape,0.3077935056255462
"('predict', np.int64(140))",predict,shape,irrelevant,0.5129891760425769,shape,0.5129891760425769
"('predict', np.int64(141))",predict,tail,relevant,0.9393364366277241,color,0.9393364366277241
"('predict', np.int64(141))",predict,color,irrelevant,0.18786728732554484,color,0.18786728732554484
"('predict', np.int64(141))",predict,shape,relevant,-0.18786728732554484,color,0.18786728732554484
"('predict', np.int64(142))",predict,tail,relevant,-0.6644105970267493,color,0.6644105970267493
"('predict', np.int64(142))",predict,color,irrelevant,0.47457899787624946,color,0.47457899787624946
"('predict', np.int64(142))",predict,shape,relevant,-0.28474739872574967,color,0.28474739872574967
"('predict', np.int64(143))",predict,tail,relevant,0.22941573387056177,color,0.22941573387056177
"('predict', np.int64(143))",predict,color,irrelevant,0.22941573387056177,color,0.22941573387056177
"('predict', np.int64(143))",predict,shape,relevant,0.0,color,0.0
"('predict', np.int64(144))",predict,tail,relevant,0.8751899489873673,shape,0.8751899489873673
"('predict', np.int64(144))",predict,color,relevant,0.2917299829957891,shape,0.2917299829957891
"('predict', np.int64(144))",predict,shape,irrelevant,0.2917299829957891,shape,0.2917299829957891
"('predict', np.int64(145))",predict,tail,relevant,0.5696519211398117,color,0.5696519211398117
"('predict', np.int64(145))",predict,color,irrelevant,-0.08137884587711594,color,0.08137884587711594
"('predict', np.int64(145))",predict,shape,relevant,-0.7324096128940435,color,0.7324096128940435
"('predict', np.int64(146))",predict,tail,irrelevant,0.16012815380508713,tail,0.16012815380508713
"('predict', np.int64(146))",predict,color,relevant,0.6405126152203485,tail,0.6405126152203485
"('predict', np.int64(146))",predict,shape,relevant,0.6405126152203485,tail,0.6405126152203485
"('predict', np.int64(147))",predict,tail,relevant,-0.9249396239673109,color,0.9249396239673109
"('predict', np.int64(147))",predict,color,irrelevant,0.1849879247934622,color,0.1849879247934622
"('predict', np.int64(147))",predict,shape,relevant,0.06166264159782073,color,0.06166264159782073
"('predict', np.int64(148))",predict,tail,irrelevant,-0.17960530202677488,tail,0.17960530202677488
"('predict', np.int64(148))",predict,color,relevant,-0.5388159060803247,tail,0.5388159060803247
"('predict', np.int64(148))",predict,shape,relevant,0.17960530202677488,tail,0.17960530202677488
"('predict', np.int64(149))",predict,tail,irrelevant,0.35921060405354976,tail,0.35921060405354976
"('predict', np.int64(149))",predict,color,relevant,0.8980265101338744,tail,0.8980265101338744
"('predict', np.int64(149))",predict,shape,relevant,0.0,tail,0.0
"('predict', np.int64(150))",predict,tail,relevant,0.4886777774252209,shape,0.4886777774252209
"('predict', np.int64(150))",predict,color,relevant,0.6108472217815261,shape,0.6108472217815261
"('predict', np.int64(150))",predict,shape,irrelevant,-0.4886777774252209,shape,0.4886777774252209
