task,conditionOrder,item,testing_responses,relevant_dim,irrelevant_dim,color_high,feet_high,fertility_score,error,abs_error,color,feet,stripes
accommodate,183,Y_C,8.0,feet,color,Y,F,4.75,3.25,3.25,Y,C,Y
accommodate,183,G_F,8.0,feet,color,Y,F,5.5,2.5,2.5,G,F,G
accommodate,183,Y_F,5.0,feet,color,Y,F,8.0,-3.0,3.0,Y,F,Y
accommodate,183,G_C,3.0,feet,color,Y,F,3.25,-0.25,0.25,G,C,G
accommodate,75,Y_C,5.0,feet,color,Y,F,4.5,0.5,0.5,Y,C,Y
accommodate,75,Y_F,7.0,feet,color,Y,F,8.25,-1.25,1.25,Y,F,Y
accommodate,75,G_C,2.0,feet,color,Y,F,2.5,-0.5,0.5,G,C,G
accommodate,75,G_F,4.0,feet,color,Y,F,7.75,-3.75,3.75,G,F,G
accommodate,100,G_F,2.0,color,feet,Y,F,3.5,-1.5,1.5,G,F,G
accommodate,100,G_C,1.0,color,feet,Y,F,2.5,-1.5,1.5,G,C,G
accommodate,100,Y_C,9.0,color,feet,Y,F,5.25,3.75,3.75,Y,C,Y
accommodate,100,Y_F,9.0,color,feet,Y,F,8.75,0.25,0.25,Y,F,Y
accommodate,61,Y_F,8.0,feet,color,Y,C,3.5,4.5,4.5,Y,F,Y
accommodate,61,G_F,6.0,feet,color,Y,C,2.75,3.25,3.25,G,F,G
accommodate,61,Y_C,8.0,feet,color,Y,C,8.25,-0.25,0.25,Y,C,Y
accommodate,61,G_C,6.0,feet,color,Y,C,6.75,-0.75,0.75,G,C,G
accommodate,97,Y_C,10.0,feet,color,Y,C,8.75,1.25,1.25,Y,C,Y
accommodate,97,G_F,3.0,feet,color,Y,C,4.25,-1.25,1.25,G,F,G
accommodate,97,G_C,7.0,feet,color,Y,C,6.75,0.25,0.25,G,C,G
accommodate,97,Y_F,3.0,feet,color,Y,C,3.75,-0.75,0.75,Y,F,Y
accommodate,184,G_F,3.0,color,feet,Y,F,2.5,0.5,0.5,G,F,G
accommodate,184,G_C,4.0,color,feet,Y,F,2.75,1.25,1.25,G,C,G
accommodate,184,Y_F,6.0,color,feet,Y,F,8.25,-2.25,2.25,Y,F,Y
accommodate,184,Y_C,10.0,color,feet,Y,F,5.5,4.5,4.5,Y,C,Y
accommodate,180,Y_F,8.0,color,feet,Y,F,7.5,0.5,0.5,Y,F,Y
accommodate,180,G_F,6.0,color,feet,Y,F,5.5,0.5,0.5,G,F,G
accommodate,180,G_C,3.0,color,feet,Y,F,3.0,0.0,0.0,G,C,G
accommodate,180,Y_C,6.0,color,feet,Y,F,7.5,-1.5,1.5,Y,C,Y
accommodate,90,Y_C,3.0,color,feet,G,F,2.75,0.25,0.25,Y,C,Y
accommodate,90,G_C,7.0,color,feet,G,F,8.0,-1.0,1.0,G,C,G
accommodate,90,Y_F,5.0,color,feet,G,F,4.75,0.25,0.25,Y,F,Y
accommodate,90,G_F,10.0,color,feet,G,F,7.75,2.25,2.25,G,F,G
accommodate,144,Y_C,7.0,color,feet,Y,F,7.5,-0.5,0.5,Y,C,Y
accommodate,144,G_C,2.0,color,feet,Y,F,3.0,-1.0,1.0,G,C,G
accommodate,144,G_F,5.0,color,feet,Y,F,4.0,1.0,1.0,G,F,G
accommodate,144,Y_F,9.0,color,feet,Y,F,8.25,0.75,0.75,Y,F,Y
accommodate,220,Y_F,5.0,color,feet,Y,F,8.75,-3.75,3.75,Y,F,Y
accommodate,220,G_C,2.0,color,feet,Y,F,2.0,0.0,0.0,G,C,G
accommodate,220,Y_C,8.0,color,feet,Y,F,8.0,0.0,0.0,Y,C,Y
accommodate,220,G_F,6.0,color,feet,Y,F,4.75,1.25,1.25,G,F,G
accommodate,3,Y_F,2.0,feet,color,G,F,5.75,-3.75,3.75,Y,F,Y
accommodate,3,G_F,2.0,feet,color,G,F,8.0,-6.0,6.0,G,F,G
accommodate,3,Y_C,9.0,feet,color,G,F,3.5,5.5,5.5,Y,C,Y
accommodate,3,G_C,9.0,feet,color,G,F,2.25,6.75,6.75,G,C,G
accommodate,80,G_C,4.0,color,feet,Y,F,3.0,1.0,1.0,G,C,G
accommodate,80,G_F,2.0,color,feet,Y,F,4.75,-2.75,2.75,G,F,G
accommodate,80,Y_F,8.0,color,feet,Y,F,8.75,-0.75,0.75,Y,F,Y
accommodate,80,Y_C,10.0,color,feet,Y,F,9.25,0.75,0.75,Y,C,Y
accommodate,66,G_C,2.0,color,feet,G,F,7.25,-5.25,5.25,G,C,G
accommodate,66,G_F,4.0,color,feet,G,F,8.5,-4.5,4.5,G,F,G
accommodate,66,Y_F,9.0,color,feet,G,F,3.25,5.75,5.75,Y,F,Y
accommodate,66,Y_C,8.0,color,feet,G,F,3.25,4.75,4.75,Y,C,Y
accommodate,57,G_F,3.0,feet,color,Y,C,3.5,-0.5,0.5,G,F,G
accommodate,57,G_C,5.0,feet,color,Y,C,6.5,-1.5,1.5,G,C,G
accommodate,57,Y_C,6.0,feet,color,Y,C,7.25,-1.25,1.25,Y,C,Y
accommodate,57,Y_F,4.0,feet,color,Y,C,5.0,-1.0,1.0,Y,F,Y
accommodate,33,G_F,4.0,feet,color,Y,C,2.75,1.25,1.25,G,F,G
accommodate,33,G_C,8.0,feet,color,Y,C,6.25,1.75,1.75,G,C,G
accommodate,33,Y_C,7.0,feet,color,Y,C,7.5,-0.5,0.5,Y,C,Y
accommodate,33,Y_F,5.0,feet,color,Y,C,3.75,1.25,1.25,Y,F,Y
accommodate,84,Y_F,10.0,color,feet,Y,C,8.0,2.0,2.0,Y,F,Y
accommodate,84,G_C,2.0,color,feet,Y,C,3.75,-1.75,1.75,G,C,G
accommodate,84,G_F,1.0,color,feet,Y,C,1.0,0.0,0.0,G,F,G
accommodate,84,Y_C,9.0,color,feet,Y,C,8.5,0.5,0.5,Y,C,Y
accommodate,53,Y_F,4.0,feet,color,Y,C,4.25,-0.25,0.25,Y,F,Y
accommodate,53,G_F,2.0,feet,color,Y,C,3.5,-1.5,1.5,G,F,G
accommodate,53,G_C,6.0,feet,color,Y,C,6.75,-0.75,0.75,G,C,G
accommodate,53,Y_C,8.0,feet,color,Y,C,7.75,0.25,0.25,Y,C,Y
accommodate,71,G_F,5.0,feet,color,Y,F,7.75,-2.75,2.75,G,F,G
accommodate,71,Y_F,4.0,feet,color,Y,F,7.75,-3.75,3.75,Y,F,Y
accommodate,71,Y_C,6.0,feet,color,Y,F,6.0,0.0,0.0,Y,C,Y
accommodate,71,G_C,8.0,feet,color,Y,F,4.0,4.0,4.0,G,C,G
accommodate,74,G_F,5.0,color,feet,G,F,9.25,-4.25,4.25,G,F,G
accommodate,74,G_C,6.0,color,feet,G,F,6.25,-0.25,0.25,G,C,G
accommodate,74,Y_F,6.0,color,feet,G,F,4.0,2.0,2.0,Y,F,Y
accommodate,74,Y_C,8.0,color,feet,G,F,4.5,3.5,3.5,Y,C,Y
accommodate,30,Y_F,5.0,color,feet,G,C,2.0,3.0,3.0,Y,F,Y
accommodate,30,G_F,7.0,color,feet,G,C,7.5,-0.5,0.5,G,F,G
accommodate,30,Y_C,9.0,color,feet,G,C,4.5,4.5,4.5,Y,C,Y
accommodate,30,G_C,9.0,color,feet,G,C,8.25,0.75,0.75,G,C,G
accommodate,105,Y_F,6.0,feet,color,Y,C,3.75,2.25,2.25,Y,F,Y
accommodate,105,Y_C,4.0,feet,color,Y,C,7.5,-3.5,3.5,Y,C,Y
accommodate,105,G_C,4.0,feet,color,Y,C,6.5,-2.5,2.5,G,C,G
accommodate,105,G_F,4.0,feet,color,Y,C,3.0,1.0,1.0,G,F,G
accommodate,35,Y_C,6.0,feet,color,Y,F,4.75,1.25,1.25,Y,C,Y
accommodate,35,G_F,3.0,feet,color,Y,F,6.75,-3.75,3.75,G,F,G
accommodate,35,Y_F,8.0,feet,color,Y,F,7.75,0.25,0.25,Y,F,Y
accommodate,35,G_C,7.0,feet,color,Y,F,4.25,2.75,2.75,G,C,G
accommodate,51,Y_F,8.0,feet,color,Y,F,8.75,-0.75,0.75,Y,F,Y
accommodate,51,G_C,2.0,feet,color,Y,F,3.25,-1.25,1.25,G,C,G
accommodate,51,G_F,9.0,feet,color,Y,F,8.75,0.25,0.25,G,F,G
accommodate,51,Y_C,3.0,feet,color,Y,F,4.25,-1.25,1.25,Y,C,Y
accommodate,116,G_C,4.0,color,feet,Y,F,3.5,0.5,0.5,G,C,G
accommodate,116,G_F,4.0,color,feet,Y,F,3.75,0.25,0.25,G,F,G
accommodate,116,Y_F,7.0,color,feet,Y,F,9.0,-2.0,2.0,Y,F,Y
accommodate,116,Y_C,7.0,color,feet,Y,F,7.0,0.0,0.0,Y,C,Y
accommodate,136,G_C,2.0,color,feet,Y,F,3.75,-1.75,1.75,G,C,G
accommodate,136,Y_C,8.0,color,feet,Y,F,7.5,0.5,0.5,Y,C,Y
accommodate,136,G_F,7.0,color,feet,Y,F,4.0,3.0,3.0,G,F,G
accommodate,136,Y_F,10.0,color,feet,Y,F,8.5,1.5,1.5,Y,F,Y
accommodate,60,Y_C,10.0,color,feet,Y,C,7.5,2.5,2.5,Y,C,Y
accommodate,60,G_F,3.0,color,feet,Y,C,2.75,0.25,0.25,G,F,G
accommodate,60,G_C,5.0,color,feet,Y,C,4.25,0.75,0.75,G,C,G
accommodate,60,Y_F,7.0,color,feet,Y,C,8.0,-1.0,1.0,Y,F,Y
accommodate,12,G_C,4.0,color,feet,Y,C,4.25,-0.25,0.25,G,C,G
accommodate,12,G_F,2.0,color,feet,Y,C,2.25,-0.25,0.25,G,F,G
accommodate,12,Y_F,4.0,color,feet,Y,C,7.5,-3.5,3.5,Y,F,Y
accommodate,12,Y_C,8.0,color,feet,Y,C,7.5,0.5,0.5,Y,C,Y
accommodate,209,Y_F,4.0,feet,color,Y,C,3.5,0.5,0.5,Y,F,Y
accommodate,209,G_C,7.0,feet,color,Y,C,6.5,0.5,0.5,G,C,G
accommodate,209,G_F,4.0,feet,color,Y,C,3.75,0.25,0.25,G,F,G
accommodate,209,Y_C,7.0,feet,color,Y,C,8.0,-1.0,1.0,Y,C,Y
accommodate,117,Y_C,7.0,feet,color,Y,C,8.0,-1.0,1.0,Y,C,Y
accommodate,117,G_F,3.0,feet,color,Y,C,2.5,0.5,0.5,G,F,G
accommodate,117,Y_F,4.0,feet,color,Y,C,3.75,0.25,0.25,Y,F,Y
accommodate,117,G_C,5.0,feet,color,Y,C,7.0,-2.0,2.0,G,C,G
accommodate,113,G_C,7.0,feet,color,Y,C,8.5,-1.5,1.5,G,C,G
accommodate,113,G_F,4.0,feet,color,Y,C,2.5,1.5,1.5,G,F,G
accommodate,113,Y_F,4.0,feet,color,Y,C,4.5,-0.5,0.5,Y,F,Y
accommodate,113,Y_C,5.0,feet,color,Y,C,8.0,-3.0,3.0,Y,C,Y
accommodate,133,Y_C,8.0,feet,color,Y,C,8.5,-0.5,0.5,Y,C,Y
accommodate,133,G_F,4.0,feet,color,Y,C,1.75,2.25,2.25,G,F,G
accommodate,133,Y_F,5.0,feet,color,Y,C,3.5,1.5,1.5,Y,F,Y
accommodate,133,G_C,7.0,feet,color,Y,C,7.5,-0.5,0.5,G,C,G
accommodate,148,Y_C,5.0,color,feet,Y,F,6.25,-1.25,1.25,Y,C,Y
accommodate,148,Y_F,9.0,color,feet,Y,F,7.5,1.5,1.5,Y,F,Y
accommodate,148,G_F,4.0,color,feet,Y,F,3.75,0.25,0.25,G,F,G
accommodate,148,G_C,2.0,color,feet,Y,F,3.5,-1.5,1.5,G,C,G
accommodate,151,Y_F,7.0,feet,color,G,F,7.0,0.0,0.0,Y,F,Y
accommodate,151,G_C,4.0,feet,color,G,F,5.75,-1.75,1.75,G,C,G
accommodate,151,Y_C,5.0,feet,color,G,F,3.25,1.75,1.75,Y,C,Y
accommodate,151,G_F,7.0,feet,color,G,F,6.75,0.25,0.25,G,F,G
accommodate,115,G_C,3.0,feet,color,G,F,3.5,-0.5,0.5,G,C,G
accommodate,115,Y_F,7.0,feet,color,G,F,5.5,1.5,1.5,Y,F,Y
accommodate,115,Y_C,9.0,feet,color,G,F,3.5,5.5,5.5,Y,C,Y
accommodate,115,G_F,4.0,feet,color,G,F,8.0,-4.0,4.0,G,F,G
accommodate,112,G_F,3.0,color,feet,Y,C,3.0,0.0,0.0,G,F,G
accommodate,112,Y_C,9.0,color,feet,Y,C,7.0,2.0,2.0,Y,C,Y
accommodate,112,G_C,5.0,color,feet,Y,C,4.25,0.75,0.75,G,C,G
accommodate,112,Y_F,7.0,color,feet,Y,C,6.75,0.25,0.25,Y,F,Y
accommodate,208,G_F,7.0,color,feet,Y,C,4.5,2.5,2.5,G,F,G
accommodate,208,G_C,8.0,color,feet,Y,C,4.25,3.75,3.75,G,C,G
accommodate,208,Y_C,8.0,color,feet,Y,C,7.5,0.5,0.5,Y,C,Y
accommodate,208,Y_F,6.0,color,feet,Y,C,5.5,0.5,0.5,Y,F,Y
accommodate,50,Y_F,3.0,color,feet,G,C,2.75,0.25,0.25,Y,F,Y
accommodate,50,Y_C,3.0,color,feet,G,C,3.5,-0.5,0.5,Y,C,Y
accommodate,50,G_F,8.0,color,feet,G,C,6.75,1.25,1.25,G,F,G
accommodate,50,G_C,8.0,color,feet,G,C,7.5,0.5,0.5,G,C,G
accommodate,201,G_F,9.0,feet,color,Y,C,3.5,5.5,5.5,G,F,G
accommodate,201,Y_C,5.0,feet,color,Y,C,6.25,-1.25,1.25,Y,C,Y
accommodate,201,Y_F,7.0,feet,color,Y,C,6.0,1.0,1.0,Y,F,Y
accommodate,201,G_C,4.0,feet,color,Y,C,6.25,-2.25,2.25,G,C,G
accommodate,18,G_F,9.0,color,feet,G,F,8.25,0.75,0.75,G,F,G
accommodate,18,Y_F,4.0,color,feet,G,F,4.25,-0.25,0.25,Y,F,Y
accommodate,18,Y_C,3.0,color,feet,G,F,3.5,-0.5,0.5,Y,C,Y
accommodate,18,G_C,8.0,color,feet,G,F,6.75,1.25,1.25,G,C,G
accommodate,126,G_F,4.0,color,feet,G,C,7.75,-3.75,3.75,G,F,G
accommodate,126,Y_F,5.0,color,feet,G,C,3.25,1.75,1.75,Y,F,Y
accommodate,126,Y_C,2.0,color,feet,G,C,3.75,-1.75,1.75,Y,C,Y
accommodate,126,G_C,6.0,color,feet,G,C,9.0,-3.0,3.0,G,C,G
accommodate,23,G_F,5.0,feet,color,Y,F,7.5,-2.5,2.5,G,F,G
accommodate,23,G_C,3.0,feet,color,Y,F,2.75,0.25,0.25,G,C,G
accommodate,23,Y_F,7.0,feet,color,Y,F,8.0,-1.0,1.0,Y,F,Y
accommodate,23,Y_C,7.0,feet,color,Y,F,4.0,3.0,3.0,Y,C,Y
accommodate,206,Y_C,3.0,color,feet,G,F,3.5,-0.5,0.5,Y,C,Y
accommodate,206,G_F,8.0,color,feet,G,F,9.0,-1.0,1.0,G,F,G
accommodate,206,G_C,10.0,color,feet,G,F,6.75,3.25,3.25,G,C,G
accommodate,206,Y_F,5.0,color,feet,G,F,4.25,0.75,0.75,Y,F,Y
accommodate,123,Y_C,8.0,feet,color,Y,F,4.0,4.0,4.0,Y,C,Y
accommodate,123,G_F,5.0,feet,color,Y,F,7.25,-2.25,2.25,G,F,G
accommodate,123,Y_F,5.0,feet,color,Y,F,8.25,-3.25,3.25,Y,F,Y
accommodate,123,G_C,2.0,feet,color,Y,F,3.75,-1.75,1.75,G,C,G
accommodate,6,G_C,8.0,color,feet,G,F,7.0,1.0,1.0,G,C,G
accommodate,6,Y_F,3.0,color,feet,G,F,4.25,-1.25,1.25,Y,F,Y
accommodate,6,Y_C,2.0,color,feet,G,F,3.0,-1.0,1.0,Y,C,Y
accommodate,6,G_F,9.0,color,feet,G,F,6.75,2.25,2.25,G,F,G
accommodate,159,G_F,7.0,feet,color,Y,F,7.0,0.0,0.0,G,F,G
accommodate,159,G_C,4.0,feet,color,Y,F,3.75,0.25,0.25,G,C,G
accommodate,159,Y_F,7.0,feet,color,Y,F,7.25,-0.25,0.25,Y,F,Y
accommodate,159,Y_C,5.0,feet,color,Y,F,4.75,0.25,0.25,Y,C,Y
accommodate,196,G_F,2.0,color,feet,Y,C,3.5,-1.5,1.5,G,F,G
accommodate,196,G_C,5.0,color,feet,Y,C,5.25,-0.25,0.25,G,C,G
accommodate,196,Y_F,4.0,color,feet,Y,C,7.75,-3.75,3.75,Y,F,Y
accommodate,196,Y_C,9.0,color,feet,Y,C,7.25,1.75,1.75,Y,C,Y
accommodate,64,G_F,5.0,color,feet,Y,F,4.75,0.25,0.25,G,F,G
accommodate,64,Y_F,7.0,color,feet,Y,F,8.0,-1.0,1.0,Y,F,Y
accommodate,64,G_C,5.0,color,feet,Y,F,3.5,1.5,1.5,G,C,G
accommodate,64,Y_C,8.0,color,feet,Y,F,6.25,1.75,1.75,Y,C,Y
accommodate,170,G_C,8.0,color,feet,G,F,6.25,1.75,1.75,G,C,G
accommodate,170,Y_C,4.0,color,feet,G,F,2.5,1.5,1.5,Y,C,Y
accommodate,170,Y_F,2.0,color,feet,G,F,3.75,-1.75,1.75,Y,F,Y
accommodate,170,G_F,6.0,color,feet,G,F,7.25,-1.25,1.25,G,F,G
accommodate,42,G_F,8.0,color,feet,G,C,5.5,2.5,2.5,G,F,G
accommodate,42,Y_F,4.0,color,feet,G,C,2.75,1.25,1.25,Y,F,Y
accommodate,42,Y_C,5.0,color,feet,G,C,1.5,3.5,3.5,Y,C,Y
accommodate,42,G_C,7.0,color,feet,G,C,9.0,-2.0,2.0,G,C,G
accommodate,79,Y_C,4.0,feet,color,Y,F,2.5,1.5,1.5,Y,C,Y
accommodate,79,Y_F,8.0,feet,color,Y,F,9.5,-1.5,1.5,Y,F,Y
accommodate,79,G_F,4.0,feet,color,Y,F,7.0,-3.0,3.0,G,F,G
accommodate,79,G_C,8.0,feet,color,Y,F,2.75,5.25,5.25,G,C,G
accommodate,160,Y_C,8.0,color,feet,Y,C,7.5,0.5,0.5,Y,C,Y
accommodate,160,G_F,6.0,color,feet,Y,C,3.0,3.0,3.0,G,F,G
accommodate,160,Y_F,7.0,color,feet,Y,C,6.75,0.25,0.25,Y,F,Y
accommodate,160,G_C,4.0,color,feet,Y,C,6.25,-2.25,2.25,G,C,G
accommodate,157,Y_F,1.0,feet,color,Y,C,2.75,-1.75,1.75,Y,F,Y
accommodate,157,G_F,3.0,feet,color,Y,C,2.5,0.5,0.5,G,F,G
accommodate,157,G_C,8.0,feet,color,Y,C,6.0,2.0,2.0,G,C,G
accommodate,157,Y_C,10.0,feet,color,Y,C,8.5,1.5,1.5,Y,C,Y
accommodate,211,G_F,8.0,feet,color,G,F,6.75,1.25,1.25,G,F,G
accommodate,211,Y_F,7.0,feet,color,G,F,5.5,1.5,1.5,Y,F,Y
accommodate,211,G_C,4.0,feet,color,G,F,4.0,0.0,0.0,G,C,G
accommodate,211,Y_C,3.0,feet,color,G,F,4.25,-1.25,1.25,Y,C,Y
accommodate,147,G_F,5.0,feet,color,Y,F,7.25,-2.25,2.25,G,F,G
accommodate,147,Y_C,7.0,feet,color,Y,F,4.25,2.75,2.75,Y,C,Y
accommodate,147,G_C,8.0,feet,color,Y,F,2.5,5.5,5.5,G,C,G
accommodate,147,Y_F,3.0,feet,color,Y,F,6.75,-3.75,3.75,Y,F,Y
accommodate,124,G_C,5.0,color,feet,Y,F,3.25,1.75,1.75,G,C,G
accommodate,124,Y_F,7.0,color,feet,Y,F,8.5,-1.5,1.5,Y,F,Y
accommodate,124,Y_C,9.0,color,feet,Y,F,7.0,2.0,2.0,Y,C,Y
accommodate,124,G_F,3.0,color,feet,Y,F,4.25,-1.25,1.25,G,F,G
accommodate,165,G_C,8.0,feet,color,Y,C,6.0,2.0,2.0,G,C,G
accommodate,165,Y_F,2.0,feet,color,Y,C,3.75,-1.75,1.75,Y,F,Y
accommodate,165,G_F,3.0,feet,color,Y,C,3.0,0.0,0.0,G,F,G
accommodate,165,Y_C,2.0,feet,color,Y,C,8.0,-6.0,6.0,Y,C,Y
accommodate,67,Y_C,9.0,feet,color,G,F,3.25,5.75,5.75,Y,C,Y
accommodate,67,G_F,4.0,feet,color,G,F,8.0,-4.0,4.0,G,F,G
accommodate,67,G_C,8.0,feet,color,G,F,5.5,2.5,2.5,G,C,G
accommodate,67,Y_F,5.0,feet,color,G,F,7.75,-2.75,2.75,Y,F,Y
accommodate,203,G_C,6.0,feet,color,G,F,4.0,2.0,2.0,G,C,G
accommodate,203,G_F,6.0,feet,color,G,F,7.0,-1.0,1.0,G,F,G
accommodate,203,Y_F,8.0,feet,color,G,F,7.5,0.5,0.5,Y,F,Y
accommodate,203,Y_C,8.0,feet,color,G,F,2.5,5.5,5.5,Y,C,Y
accommodate,91,G_C,2.0,feet,color,Y,F,2.5,-0.5,0.5,G,C,G
accommodate,91,Y_C,4.0,feet,color,Y,F,4.5,-0.5,0.5,Y,C,Y
accommodate,91,Y_F,9.0,feet,color,Y,F,7.0,2.0,2.0,Y,F,Y
accommodate,91,G_F,5.0,feet,color,Y,F,6.25,-1.25,1.25,G,F,G
accommodate,25,G_F,3.0,feet,color,G,C,5.0,-2.0,2.0,G,F,G
accommodate,25,Y_F,6.0,feet,color,G,C,2.25,3.75,3.75,Y,F,Y
accommodate,25,Y_C,9.0,feet,color,G,C,8.0,1.0,1.0,Y,C,Y
accommodate,25,G_C,7.0,feet,color,G,C,7.25,-0.25,0.25,G,C,G
accommodate,101,Y_C,2.0,feet,color,G,C,7.0,-5.0,5.0,Y,C,Y
accommodate,101,G_C,8.0,feet,color,G,C,8.75,-0.75,0.75,G,C,G
accommodate,101,Y_F,1.0,feet,color,G,C,3.75,-2.75,2.75,Y,F,Y
accommodate,101,G_F,9.0,feet,color,G,C,3.75,5.25,5.25,G,F,G
accommodate,10,Y_F,3.0,color,feet,G,C,2.25,0.75,0.75,Y,F,Y
accommodate,10,G_F,8.0,color,feet,G,C,7.75,0.25,0.25,G,F,G
accommodate,10,G_C,8.0,color,feet,G,C,7.5,0.5,0.5,G,C,G
accommodate,10,Y_C,5.0,color,feet,G,C,6.0,-1.0,1.0,Y,C,Y
accommodate,128,Y_C,3.0,color,feet,Y,F,7.5,-4.5,4.5,Y,C,Y
accommodate,128,G_F,4.0,color,feet,Y,F,4.5,-0.5,0.5,G,F,G
accommodate,128,Y_F,7.0,color,feet,Y,F,8.5,-1.5,1.5,Y,F,Y
accommodate,128,G_C,10.0,color,feet,Y,F,3.25,6.75,6.75,G,C,G
accommodate,109,Y_F,4.0,feet,color,G,C,3.0,1.0,1.0,Y,F,Y
accommodate,109,G_F,6.0,feet,color,G,C,5.0,1.0,1.0,G,F,G
accommodate,109,G_C,7.0,feet,color,G,C,7.0,0.0,0.0,G,C,G
accommodate,109,Y_C,8.0,feet,color,G,C,5.75,2.25,2.25,Y,C,Y
accommodate,40,Y_F,5.0,color,feet,Y,C,7.0,-2.0,2.0,Y,F,Y
accommodate,40,Y_C,8.0,color,feet,Y,C,8.0,0.0,0.0,Y,C,Y
accommodate,40,G_C,6.0,color,feet,Y,C,4.75,1.25,1.25,G,C,G
accommodate,40,G_F,4.0,color,feet,Y,C,3.5,0.5,0.5,G,F,G
accommodate,102,Y_F,7.0,color,feet,G,F,5.0,2.0,2.0,Y,F,Y
accommodate,102,G_F,9.0,color,feet,G,F,7.25,1.75,1.75,G,F,G
accommodate,102,Y_C,3.0,color,feet,G,F,2.75,0.25,0.25,Y,C,Y
accommodate,102,G_C,4.0,color,feet,G,F,7.75,-3.75,3.75,G,C,G
accommodate,45,G_F,5.0,feet,color,G,C,3.5,1.5,1.5,G,F,G
accommodate,45,G_C,10.0,feet,color,G,C,8.75,1.25,1.25,G,C,G
accommodate,45,Y_C,7.0,feet,color,G,C,6.5,0.5,0.5,Y,C,Y
accommodate,45,Y_F,2.0,feet,color,G,C,1.5,0.5,0.5,Y,F,Y
accommodate,182,G_C,8.0,color,feet,G,C,9.25,-1.25,1.25,G,C,G
accommodate,182,Y_F,4.0,color,feet,G,C,3.25,0.75,0.75,Y,F,Y
accommodate,182,Y_C,3.0,color,feet,G,C,3.0,0.0,0.0,Y,C,Y
accommodate,182,G_F,8.0,color,feet,G,C,7.75,0.25,0.25,G,F,G
accommodate,175,G_C,9.0,feet,color,G,F,6.25,2.75,2.75,G,C,G
accommodate,175,Y_C,6.0,feet,color,G,F,3.5,2.5,2.5,Y,C,Y
accommodate,175,G_F,8.0,feet,color,G,F,8.0,0.0,0.0,G,F,G
accommodate,175,Y_F,2.0,feet,color,G,F,8.5,-6.5,6.5,Y,F,Y
accommodate,77,G_F,4.0,feet,color,Y,C,3.75,0.25,0.25,G,F,G
accommodate,77,G_C,7.0,feet,color,Y,C,6.75,0.25,0.25,G,C,G
accommodate,77,Y_F,2.0,feet,color,Y,C,3.5,-1.5,1.5,Y,F,Y
accommodate,77,Y_C,9.0,feet,color,Y,C,8.0,1.0,1.0,Y,C,Y
accommodate,72,G_F,3.0,color,feet,Y,C,2.5,0.5,0.5,G,F,G
accommodate,72,Y_C,7.0,color,feet,Y,C,7.5,-0.5,0.5,Y,C,Y
accommodate,72,Y_F,7.0,color,feet,Y,C,7.0,0.0,0.0,Y,F,Y
accommodate,72,G_C,2.0,color,feet,Y,C,3.75,-1.75,1.75,G,C,G
accommodate,85,G_F,6.0,feet,color,G,C,5.5,0.5,0.5,G,F,G
accommodate,85,Y_F,5.0,feet,color,G,C,3.0,2.0,2.0,Y,F,Y
accommodate,85,G_C,9.0,feet,color,G,C,7.5,1.5,1.5,G,C,G
accommodate,85,Y_C,9.0,feet,color,G,C,8.0,1.0,1.0,Y,C,Y
accommodate,176,G_C,5.0,color,feet,Y,C,5.5,-0.5,0.5,G,C,G
accommodate,176,G_F,3.0,color,feet,Y,C,3.5,-0.5,0.5,G,F,G
accommodate,176,Y_C,7.0,color,feet,Y,C,7.5,-0.5,0.5,Y,C,Y
accommodate,176,Y_F,9.0,color,feet,Y,C,6.75,2.25,2.25,Y,F,Y
accommodate,163,Y_F,5.0,feet,color,G,F,6.25,-1.25,1.25,Y,F,Y
accommodate,163,G_F,10.0,feet,color,G,F,6.25,3.75,3.75,G,F,G
accommodate,163,G_C,6.0,feet,color,G,F,4.75,1.25,1.25,G,C,G
accommodate,163,Y_C,3.0,feet,color,G,F,2.75,0.25,0.25,Y,C,Y
accommodate,212,Y_C,9.0,color,feet,Y,F,5.75,3.25,3.25,Y,C,Y
accommodate,212,Y_F,7.0,color,feet,Y,F,8.25,-1.25,1.25,Y,F,Y
accommodate,212,G_F,4.0,color,feet,Y,F,4.5,-0.5,0.5,G,F,G
accommodate,212,G_C,6.0,color,feet,Y,F,5.0,1.0,1.0,G,C,G
accommodate,68,Y_F,9.0,color,feet,Y,F,7.5,1.5,1.5,Y,F,Y
accommodate,68,G_F,4.0,color,feet,Y,F,3.25,0.75,0.75,G,F,G
accommodate,68,G_C,10.0,color,feet,Y,F,3.5,6.5,6.5,G,C,G
accommodate,68,Y_C,3.0,color,feet,Y,F,6.0,-3.0,3.0,Y,C,Y
accommodate,186,Y_F,4.0,color,feet,G,F,3.25,0.75,0.75,Y,F,Y
accommodate,186,G_C,4.0,color,feet,G,F,5.5,-1.5,1.5,G,C,G
accommodate,186,Y_C,2.0,color,feet,G,F,2.0,0.0,0.0,Y,C,Y
accommodate,186,G_F,8.0,color,feet,G,F,8.0,0.0,0.0,G,F,G
accommodate,28,G_F,4.0,color,feet,Y,C,2.75,1.25,1.25,G,F,G
accommodate,28,G_C,2.0,color,feet,Y,C,4.0,-2.0,2.0,G,C,G
accommodate,28,Y_F,8.0,color,feet,Y,C,6.25,1.75,1.75,Y,F,Y
accommodate,28,Y_C,7.0,color,feet,Y,C,6.75,0.25,0.25,Y,C,Y
accommodate,122,G_F,7.0,color,feet,G,C,7.75,-0.75,0.75,G,F,G
accommodate,122,G_C,9.0,color,feet,G,C,7.75,1.25,1.25,G,C,G
accommodate,122,Y_C,3.0,color,feet,G,C,3.25,-0.25,0.25,Y,C,Y
accommodate,122,Y_F,3.0,color,feet,G,C,1.75,1.25,1.25,Y,F,Y
accommodate,110,G_C,8.0,color,feet,G,F,8.5,-0.5,0.5,G,C,G
accommodate,110,G_F,9.0,color,feet,G,F,8.75,0.25,0.25,G,F,G
accommodate,110,Y_F,5.0,color,feet,G,F,5.0,0.0,0.0,Y,F,Y
accommodate,110,Y_C,4.0,color,feet,G,F,4.25,-0.25,0.25,Y,C,Y
accommodate,171,G_C,7.0,feet,color,G,F,3.75,3.25,3.25,G,C,G
accommodate,171,G_F,5.0,feet,color,G,F,7.25,-2.25,2.25,G,F,G
accommodate,171,Y_F,6.0,feet,color,G,F,6.5,-0.5,0.5,Y,F,Y
accommodate,171,Y_C,7.0,feet,color,G,F,3.0,4.0,4.0,Y,C,Y
accommodate,172,G_F,6.0,color,feet,Y,F,3.75,2.25,2.25,G,F,G
accommodate,172,Y_C,5.0,color,feet,Y,F,6.5,-1.5,1.5,Y,C,Y
accommodate,172,G_C,5.0,color,feet,Y,F,2.25,2.75,2.75,G,C,G
accommodate,172,Y_F,8.0,color,feet,Y,F,8.5,-0.5,0.5,Y,F,Y
accommodate,78,G_F,9.0,color,feet,G,F,8.25,0.75,0.75,G,F,G
accommodate,78,Y_C,3.0,color,feet,G,F,2.5,0.5,0.5,Y,C,Y
accommodate,78,G_C,6.0,color,feet,G,F,6.5,-0.5,0.5,G,C,G
accommodate,78,Y_F,3.0,color,feet,G,F,4.0,-1.0,1.0,Y,F,Y
accommodate,17,G_F,5.0,feet,color,G,C,5.0,0.0,0.0,G,F,G
accommodate,17,G_C,7.0,feet,color,G,C,6.0,1.0,1.0,G,C,G
accommodate,17,Y_C,6.0,feet,color,G,C,6.0,0.0,0.0,Y,C,Y
accommodate,17,Y_F,5.0,feet,color,G,C,3.5,1.5,1.5,Y,F,Y
accommodate,52,G_C,4.0,color,feet,Y,C,3.75,0.25,0.25,G,C,G
accommodate,52,Y_F,6.0,color,feet,Y,C,7.0,-1.0,1.0,Y,F,Y
accommodate,52,G_F,2.0,color,feet,Y,C,2.25,-0.25,0.25,G,F,G
accommodate,52,Y_C,8.0,color,feet,Y,C,7.0,1.0,1.0,Y,C,Y
accommodate,24,Y_F,5.0,color,feet,Y,C,6.0,-1.0,1.0,Y,F,Y
accommodate,24,G_C,7.0,color,feet,Y,C,2.5,4.5,4.5,G,C,G
accommodate,24,G_F,1.0,color,feet,Y,C,4.0,-3.0,3.0,G,F,G
accommodate,24,Y_C,8.0,color,feet,Y,C,8.5,-0.5,0.5,Y,C,Y
accommodate,16,G_C,4.0,color,feet,Y,C,4.0,0.0,0.0,G,C,G
accommodate,16,Y_F,9.0,color,feet,Y,C,7.75,1.25,1.25,Y,F,Y
accommodate,16,G_F,2.0,color,feet,Y,C,2.75,-0.75,0.75,G,F,G
accommodate,16,Y_C,7.0,color,feet,Y,C,7.5,-0.5,0.5,Y,C,Y
accommodate,187,Y_C,4.0,feet,color,Y,F,4.75,-0.75,0.75,Y,C,Y
accommodate,187,Y_F,9.0,feet,color,Y,F,8.25,0.75,0.75,Y,F,Y
accommodate,187,G_C,4.0,feet,color,Y,F,3.25,0.75,0.75,G,C,G
accommodate,187,G_F,9.0,feet,color,Y,F,7.5,1.5,1.5,G,F,G
accommodate,114,Y_C,6.0,color,feet,G,F,4.5,1.5,1.5,Y,C,Y
accommodate,114,Y_F,3.0,color,feet,G,F,3.75,-0.75,0.75,Y,F,Y
accommodate,114,G_F,7.0,color,feet,G,F,8.5,-1.5,1.5,G,F,G
accommodate,114,G_C,6.0,color,feet,G,F,5.25,0.75,0.75,G,C,G
accommodate,219,Y_F,6.0,feet,color,Y,F,7.75,-1.75,1.75,Y,F,Y
accommodate,219,G_F,8.0,feet,color,Y,F,7.0,1.0,1.0,G,F,G
accommodate,219,G_C,5.0,feet,color,Y,F,3.0,2.0,2.0,G,C,G
accommodate,219,Y_C,3.0,feet,color,Y,F,3.5,-0.5,0.5,Y,C,Y
accommodate,145,G_F,7.0,feet,color,G,C,5.25,1.75,1.75,G,F,G
accommodate,145,Y_F,3.0,feet,color,G,C,3.0,0.0,0.0,Y,F,Y
accommodate,145,Y_C,8.0,feet,color,G,C,8.25,-0.25,0.25,Y,C,Y
accommodate,145,G_C,9.0,feet,color,G,C,7.25,1.75,1.75,G,C,G
accommodate,210,Y_F,4.0,color,feet,G,F,5.25,-1.25,1.25,Y,F,Y
accommodate,210,G_F,8.0,color,feet,G,F,8.75,-0.75,0.75,G,F,G
accommodate,210,G_C,6.0,color,feet,G,F,7.75,-1.75,1.75,G,C,G
accommodate,210,Y_C,2.0,color,feet,G,F,1.75,0.25,0.25,Y,C,Y
accommodate,88,G_C,4.0,color,feet,Y,C,4.0,0.0,0.0,G,C,G
accommodate,88,Y_C,8.0,color,feet,Y,C,7.5,0.5,0.5,Y,C,Y
accommodate,88,G_F,5.0,color,feet,Y,C,4.25,0.75,0.75,G,F,G
accommodate,88,Y_F,7.0,color,feet,Y,C,5.75,1.25,1.25,Y,F,Y
accommodate,96,G_F,2.0,color,feet,Y,C,2.25,-0.25,0.25,G,F,G
accommodate,96,Y_C,9.0,color,feet,Y,C,6.25,2.75,2.75,Y,C,Y
accommodate,96,G_C,4.0,color,feet,Y,C,4.5,-0.5,0.5,G,C,G
accommodate,96,Y_F,7.0,color,feet,Y,C,5.25,1.75,1.75,Y,F,Y
accommodate,108,Y_C,9.0,color,feet,Y,C,9.75,-0.75,0.75,Y,C,Y
accommodate,108,G_F,4.0,color,feet,Y,C,3.25,0.75,0.75,G,F,G
accommodate,108,Y_F,7.0,color,feet,Y,C,7.5,-0.5,0.5,Y,F,Y
accommodate,108,G_C,2.0,color,feet,Y,C,4.0,-2.0,2.0,G,C,G
accommodate,65,G_C,8.0,feet,color,Y,C,7.25,0.75,0.75,G,C,G
accommodate,65,G_F,4.0,feet,color,Y,C,3.75,0.25,0.25,G,F,G
accommodate,65,Y_C,8.0,feet,color,Y,C,7.5,0.5,0.5,Y,C,Y
accommodate,65,Y_F,4.0,feet,color,Y,C,5.25,-1.25,1.25,Y,F,Y
accommodate,153,Y_F,5.0,feet,color,G,C,3.75,1.25,1.25,Y,F,Y
accommodate,153,Y_C,8.0,feet,color,G,C,7.25,0.75,0.75,Y,C,Y
accommodate,153,G_F,6.0,feet,color,G,C,3.5,2.5,2.5,G,F,G
accommodate,153,G_C,7.0,feet,color,G,C,8.75,-1.75,1.75,G,C,G
accommodate,36,G_F,5.0,color,feet,Y,C,3.25,1.75,1.75,G,F,G
accommodate,36,Y_C,10.0,color,feet,Y,C,8.5,1.5,1.5,Y,C,Y
accommodate,36,Y_F,7.0,color,feet,Y,C,7.25,-0.25,0.25,Y,F,Y
accommodate,36,G_C,8.0,color,feet,Y,C,4.0,4.0,4.0,G,C,G
accommodate,29,G_F,6.0,feet,color,Y,C,3.25,2.75,2.75,G,F,G
accommodate,29,Y_C,5.0,feet,color,Y,C,6.75,-1.75,1.75,Y,C,Y
accommodate,29,Y_F,3.0,feet,color,Y,C,4.75,-1.75,1.75,Y,F,Y
accommodate,29,G_C,9.0,feet,color,Y,C,7.0,2.0,2.0,G,C,G
accommodate,14,G_C,7.0,color,feet,G,C,8.5,-1.5,1.5,G,C,G
accommodate,14,Y_F,3.0,color,feet,G,C,3.0,0.0,0.0,Y,F,Y
accommodate,14,G_F,8.0,color,feet,G,C,7.25,0.75,0.75,G,F,G
accommodate,14,Y_C,4.0,color,feet,G,C,3.75,0.25,0.25,Y,C,Y
accommodate,95,Y_C,8.0,feet,color,Y,F,4.25,3.75,3.75,Y,C,Y
accommodate,95,G_F,8.0,feet,color,Y,F,6.5,1.5,1.5,G,F,G
accommodate,95,G_C,3.0,feet,color,Y,F,3.0,0.0,0.0,G,C,G
accommodate,95,Y_F,7.0,feet,color,Y,F,7.0,0.0,0.0,Y,F,Y
accommodate,69,G_C,9.0,feet,color,Y,C,8.5,0.5,0.5,G,C,G
accommodate,69,Y_C,9.0,feet,color,Y,C,8.75,0.25,0.25,Y,C,Y
accommodate,69,Y_F,6.0,feet,color,Y,C,3.5,2.5,2.5,Y,F,Y
accommodate,69,G_F,4.0,feet,color,Y,C,2.0,2.0,2.0,G,F,G
accommodate,93,Y_F,5.0,feet,color,Y,C,3.5,1.5,1.5,Y,F,Y
accommodate,93,G_F,4.0,feet,color,Y,C,3.25,0.75,0.75,G,F,G
accommodate,93,G_C,7.0,feet,color,Y,C,6.25,0.75,0.75,G,C,G
accommodate,93,Y_C,8.0,feet,color,Y,C,7.75,0.25,0.25,Y,C,Y
accommodate,94,Y_C,5.0,color,feet,G,C,4.0,1.0,1.0,Y,C,Y
accommodate,94,Y_F,8.0,color,feet,G,C,4.5,3.5,3.5,Y,F,Y
accommodate,94,G_F,9.0,color,feet,G,C,7.5,1.5,1.5,G,F,G
accommodate,94,G_C,9.0,color,feet,G,C,9.0,0.0,0.0,G,C,G
accommodate,9,G_C,4.0,feet,color,Y,C,7.0,-3.0,3.0,G,C,G
accommodate,9,Y_C,9.0,feet,color,Y,C,7.25,1.75,1.75,Y,C,Y
accommodate,9,G_F,2.0,feet,color,Y,C,2.0,0.0,0.0,G,F,G
accommodate,9,Y_F,3.0,feet,color,Y,C,2.75,0.25,0.25,Y,F,Y
accommodate,22,G_F,6.0,color,feet,G,F,7.0,-1.0,1.0,G,F,G
accommodate,22,G_C,10.0,color,feet,G,F,6.25,3.75,3.75,G,C,G
accommodate,22,Y_F,4.0,color,feet,G,F,3.25,0.75,0.75,Y,F,Y
accommodate,22,Y_C,1.0,color,feet,G,F,2.75,-1.75,1.75,Y,C,Y
accommodate,62,G_C,8.0,color,feet,G,C,7.75,0.25,0.25,G,C,G
accommodate,62,G_F,4.0,color,feet,G,C,6.5,-2.5,2.5,G,F,G
accommodate,62,Y_F,3.0,color,feet,G,C,4.25,-1.25,1.25,Y,F,Y
accommodate,62,Y_C,8.0,color,feet,G,C,4.25,3.75,3.75,Y,C,Y
accommodate,46,G_C,4.0,color,feet,G,C,7.5,-3.5,3.5,G,C,G
accommodate,46,Y_C,5.0,color,feet,G,C,3.75,1.25,1.25,Y,C,Y
accommodate,46,Y_F,5.0,color,feet,G,C,3.25,1.75,1.75,Y,F,Y
accommodate,46,G_F,8.0,color,feet,G,C,7.0,1.0,1.0,G,F,G
accommodate,132,Y_C,8.0,color,feet,Y,C,7.25,0.75,0.75,Y,C,Y
accommodate,132,G_C,4.0,color,feet,Y,C,4.25,-0.25,0.25,G,C,G
accommodate,132,G_F,2.0,color,feet,Y,C,3.25,-1.25,1.25,G,F,G
accommodate,132,Y_F,7.0,color,feet,Y,C,7.0,0.0,0.0,Y,F,Y
accommodate,215,Y_C,7.0,feet,color,G,F,4.25,2.75,2.75,Y,C,Y
accommodate,215,G_C,4.0,feet,color,G,F,5.25,-1.25,1.25,G,C,G
accommodate,215,G_F,5.0,feet,color,G,F,7.75,-2.75,2.75,G,F,G
accommodate,215,Y_F,8.0,feet,color,G,F,6.75,1.25,1.25,Y,F,Y
accommodate,131,G_C,4.0,feet,color,Y,F,3.0,1.0,1.0,G,C,G
accommodate,131,Y_F,7.0,feet,color,Y,F,7.5,-0.5,0.5,Y,F,Y
accommodate,131,G_F,4.0,feet,color,Y,F,6.5,-2.5,2.5,G,F,G
accommodate,131,Y_C,7.0,feet,color,Y,F,3.75,3.25,3.25,Y,C,Y
accommodate,89,Y_F,3.0,feet,color,G,C,2.0,1.0,1.0,Y,F,Y
accommodate,89,G_F,3.0,feet,color,G,C,3.5,-0.5,0.5,G,F,G
accommodate,89,G_C,8.0,feet,color,G,C,8.25,-0.25,0.25,G,C,G
accommodate,89,Y_C,9.0,feet,color,G,C,7.5,1.5,1.5,Y,C,Y
accommodate,173,Y_F,6.0,feet,color,G,C,3.25,2.75,2.75,Y,F,Y
accommodate,173,Y_C,4.0,feet,color,G,C,6.5,-2.5,2.5,Y,C,Y
accommodate,173,G_C,9.0,feet,color,G,C,8.75,0.25,0.25,G,C,G
accommodate,173,G_F,3.0,feet,color,G,C,2.75,0.25,0.25,G,F,G
accommodate,87,G_C,3.0,feet,color,Y,F,4.75,-1.75,1.75,G,C,G
accommodate,87,G_F,4.0,feet,color,Y,F,7.0,-3.0,3.0,G,F,G
accommodate,87,Y_F,7.0,feet,color,Y,F,8.5,-1.5,1.5,Y,F,Y
accommodate,87,Y_C,8.0,feet,color,Y,F,4.5,3.5,3.5,Y,C,Y
accommodate,127,G_F,4.0,feet,color,Y,F,6.75,-2.75,2.75,G,F,G
accommodate,127,Y_C,8.0,feet,color,Y,F,4.5,3.5,3.5,Y,C,Y
accommodate,127,G_C,3.0,feet,color,Y,F,3.25,-0.25,0.25,G,C,G
accommodate,127,Y_F,7.0,feet,color,Y,F,8.25,-1.25,1.25,Y,F,Y
accommodate,156,Y_F,6.0,color,feet,Y,C,7.75,-1.75,1.75,Y,F,Y
accommodate,156,G_C,4.0,color,feet,Y,C,4.0,0.0,0.0,G,C,G
accommodate,156,Y_C,9.0,color,feet,Y,C,7.5,1.5,1.5,Y,C,Y
accommodate,156,G_F,3.0,color,feet,Y,C,2.0,1.0,1.0,G,F,G
accommodate,111,G_C,5.0,feet,color,Y,F,1.25,3.75,3.75,G,C,G
accommodate,111,Y_C,7.0,feet,color,Y,F,3.75,3.25,3.25,Y,C,Y
accommodate,111,Y_F,6.0,feet,color,Y,F,8.0,-2.0,2.0,Y,F,Y
accommodate,111,G_F,8.0,feet,color,Y,F,7.5,0.5,0.5,G,F,G
accommodate,149,Y_C,10.0,feet,color,Y,C,9.25,0.75,0.75,Y,C,Y
accommodate,149,G_C,7.0,feet,color,Y,C,7.5,-0.5,0.5,G,C,G
accommodate,149,Y_F,3.0,feet,color,Y,C,3.25,-0.25,0.25,Y,F,Y
accommodate,149,G_F,1.0,feet,color,Y,C,2.75,-1.75,1.75,G,F,G
accommodate,83,Y_C,1.0,feet,color,G,F,2.0,-1.0,1.0,Y,C,Y
accommodate,83,Y_F,4.0,feet,color,G,F,7.0,-3.0,3.0,Y,F,Y
accommodate,83,G_F,10.0,feet,color,G,F,8.0,2.0,2.0,G,F,G
accommodate,83,G_C,4.0,feet,color,G,F,4.25,-0.25,0.25,G,C,G
accommodate,142,Y_F,4.0,color,feet,G,F,2.75,1.25,1.25,Y,F,Y
accommodate,142,G_F,9.0,color,feet,G,F,8.5,0.5,0.5,G,F,G
accommodate,142,Y_C,2.0,color,feet,G,F,2.75,-0.75,0.75,Y,C,Y
accommodate,142,G_C,7.0,color,feet,G,F,7.0,0.0,0.0,G,C,G
accommodate,134,Y_F,3.0,color,feet,G,F,3.0,0.0,0.0,Y,F,Y
accommodate,134,G_C,6.0,color,feet,G,F,6.75,-0.75,0.75,G,C,G
accommodate,134,Y_C,2.0,color,feet,G,F,2.25,-0.25,0.25,Y,C,Y
accommodate,134,G_F,9.0,color,feet,G,F,7.75,1.25,1.25,G,F,G
accommodate,73,G_F,7.0,feet,color,G,C,6.0,1.0,1.0,G,F,G
accommodate,73,Y_F,4.0,feet,color,G,C,4.25,-0.25,0.25,Y,F,Y
accommodate,73,Y_C,6.0,feet,color,G,C,6.5,-0.5,0.5,Y,C,Y
accommodate,73,G_C,8.0,feet,color,G,C,7.5,0.5,0.5,G,C,G
accommodate,1,Y_F,2.0,feet,color,Y,C,2.5,-0.5,0.5,Y,F,Y
accommodate,1,G_F,3.0,feet,color,Y,C,2.5,0.5,0.5,G,F,G
accommodate,1,G_C,6.0,feet,color,Y,C,6.75,-0.75,0.75,G,C,G
accommodate,1,Y_C,9.0,feet,color,Y,C,7.75,1.25,1.25,Y,C,Y
accommodate,174,Y_F,2.0,color,feet,G,F,2.75,-0.75,0.75,Y,F,Y
accommodate,174,G_F,8.0,color,feet,G,F,8.25,-0.25,0.25,G,F,G
accommodate,174,G_C,9.0,color,feet,G,F,6.25,2.75,2.75,G,C,G
accommodate,174,Y_C,3.0,color,feet,G,F,3.75,-0.75,0.75,Y,C,Y
accommodate,47,Y_F,6.0,feet,color,G,F,7.0,-1.0,1.0,Y,F,Y
accommodate,47,G_C,7.0,feet,color,G,F,4.75,2.25,2.25,G,C,G
accommodate,47,G_F,8.0,feet,color,G,F,8.5,-0.5,0.5,G,F,G
accommodate,47,Y_C,3.0,feet,color,G,F,3.25,-0.25,0.25,Y,C,Y
accommodate,179,G_F,6.0,feet,color,Y,F,6.5,-0.5,0.5,G,F,G
accommodate,179,G_C,5.0,feet,color,Y,F,4.0,1.0,1.0,G,C,G
accommodate,179,Y_C,8.0,feet,color,Y,F,3.5,4.5,4.5,Y,C,Y
accommodate,179,Y_F,8.0,feet,color,Y,F,9.0,-1.0,1.0,Y,F,Y
accommodate,54,G_F,7.0,color,feet,G,C,5.75,1.25,1.25,G,F,G
accommodate,54,Y_C,5.0,color,feet,G,C,4.0,1.0,1.0,Y,C,Y
accommodate,54,G_C,6.0,color,feet,G,C,6.5,-0.5,0.5,G,C,G
accommodate,54,Y_F,4.0,color,feet,G,C,3.75,0.25,0.25,Y,F,Y
accommodate,167,G_C,6.0,feet,color,Y,F,3.0,3.0,3.0,G,C,G
accommodate,167,G_F,5.0,feet,color,Y,F,6.5,-1.5,1.5,G,F,G
accommodate,167,Y_F,8.0,feet,color,Y,F,7.75,0.25,0.25,Y,F,Y
accommodate,167,Y_C,9.0,feet,color,Y,F,3.75,5.25,5.25,Y,C,Y
accommodate,27,G_F,4.0,feet,color,G,F,6.75,-2.75,2.75,G,F,G
accommodate,27,G_C,8.0,feet,color,G,F,5.5,2.5,2.5,G,C,G
accommodate,27,Y_F,7.0,feet,color,G,F,6.75,0.25,0.25,Y,F,Y
accommodate,27,Y_C,6.0,feet,color,G,F,4.5,1.5,1.5,Y,C,Y
accommodate,92,G_F,4.0,color,feet,Y,F,3.5,0.5,0.5,G,F,G
accommodate,92,Y_F,6.0,color,feet,Y,F,6.75,-0.75,0.75,Y,F,Y
accommodate,92,Y_C,6.0,color,feet,Y,F,7.25,-1.25,1.25,Y,C,Y
accommodate,92,G_C,7.0,color,feet,Y,F,1.75,5.25,5.25,G,C,G
accommodate,169,Y_F,5.0,feet,color,G,C,4.75,0.25,0.25,Y,F,Y
accommodate,169,G_C,8.0,feet,color,G,C,9.0,-1.0,1.0,G,C,G
accommodate,169,G_F,3.0,feet,color,G,C,5.0,-2.0,2.0,G,F,G
accommodate,169,Y_C,9.0,feet,color,G,C,6.5,2.5,2.5,Y,C,Y
accommodate,59,G_C,8.0,feet,color,G,F,5.0,3.0,3.0,G,C,G
accommodate,59,Y_F,5.0,feet,color,G,F,6.75,-1.75,1.75,Y,F,Y
accommodate,59,Y_C,7.0,feet,color,G,F,4.25,2.75,2.75,Y,C,Y
accommodate,59,G_F,6.0,feet,color,G,F,7.75,-1.75,1.75,G,F,G
accommodate,20,G_C,4.0,color,feet,Y,C,4.25,-0.25,0.25,G,C,G
accommodate,20,Y_F,9.0,color,feet,Y,C,8.25,0.75,0.75,Y,F,Y
accommodate,20,G_F,2.0,color,feet,Y,C,2.75,-0.75,0.75,G,F,G
accommodate,20,Y_C,7.0,color,feet,Y,C,7.75,-0.75,0.75,Y,C,Y
accommodate,205,Y_F,7.0,feet,color,G,C,3.25,3.75,3.75,Y,F,Y
accommodate,205,Y_C,9.0,feet,color,G,C,6.75,2.25,2.25,Y,C,Y
accommodate,205,G_F,4.0,feet,color,G,C,3.0,1.0,1.0,G,F,G
accommodate,205,G_C,1.0,feet,color,G,C,8.5,-7.5,7.5,G,C,G
accommodate,164,G_C,5.0,color,feet,Y,C,6.25,-1.25,1.25,G,C,G
accommodate,164,Y_C,8.0,color,feet,Y,C,7.5,0.5,0.5,Y,C,Y
accommodate,164,Y_F,4.0,color,feet,Y,C,8.75,-4.75,4.75,Y,F,Y
accommodate,164,G_F,3.0,color,feet,Y,C,3.5,-0.5,0.5,G,F,G
accommodate,141,G_F,3.0,feet,color,Y,C,2.75,0.25,0.25,G,F,G
accommodate,141,Y_F,8.0,feet,color,Y,C,4.25,3.75,3.75,Y,F,Y
accommodate,141,Y_C,9.0,feet,color,Y,C,8.5,0.5,0.5,Y,C,Y
accommodate,141,G_C,2.0,feet,color,Y,C,7.75,-5.75,5.75,G,C,G
accommodate,106,G_C,8.0,color,feet,G,C,7.0,1.0,1.0,G,C,G
accommodate,106,Y_C,7.0,color,feet,G,C,5.5,1.5,1.5,Y,C,Y
accommodate,106,G_F,6.0,color,feet,G,C,7.25,-1.25,1.25,G,F,G
accommodate,106,Y_F,4.0,color,feet,G,C,3.5,0.5,0.5,Y,F,Y
accommodate,190,Y_F,5.0,color,feet,G,C,4.25,0.75,0.75,Y,F,Y
accommodate,190,Y_C,5.0,color,feet,G,C,4.25,0.75,0.75,Y,C,Y
accommodate,190,G_C,7.0,color,feet,G,C,8.5,-1.5,1.5,G,C,G
accommodate,190,G_F,7.0,color,feet,G,C,6.25,0.75,0.75,G,F,G
accommodate,155,G_C,5.0,feet,color,Y,F,3.0,2.0,2.0,G,C,G
accommodate,155,Y_C,8.0,feet,color,Y,F,3.75,4.25,4.25,Y,C,Y
accommodate,155,Y_F,7.0,feet,color,Y,F,8.0,-1.0,1.0,Y,F,Y
accommodate,155,G_F,6.0,feet,color,Y,F,7.75,-1.75,1.75,G,F,G
accommodate,135,Y_F,3.0,feet,color,G,F,6.25,-3.25,3.25,Y,F,Y
accommodate,135,Y_C,9.0,feet,color,G,F,3.0,6.0,6.0,Y,C,Y
accommodate,135,G_F,5.0,feet,color,G,F,6.0,-1.0,1.0,G,F,G
accommodate,135,G_C,8.0,feet,color,G,F,4.5,3.5,3.5,G,C,G
accommodate,181,G_C,9.0,feet,color,G,C,9.5,-0.5,0.5,G,C,G
accommodate,181,Y_C,6.0,feet,color,G,C,6.25,-0.25,0.25,Y,C,Y
accommodate,181,G_F,8.0,feet,color,G,C,4.25,3.75,3.75,G,F,G
accommodate,181,Y_F,3.0,feet,color,G,C,2.75,0.25,0.25,Y,F,Y
accommodate,103,Y_C,4.0,feet,color,Y,F,3.5,0.5,0.5,Y,C,Y
accommodate,103,Y_F,8.0,feet,color,Y,F,7.25,0.75,0.75,Y,F,Y
accommodate,103,G_C,2.0,feet,color,Y,F,2.25,-0.25,0.25,G,C,G
accommodate,103,G_F,6.0,feet,color,Y,F,7.0,-1.0,1.0,G,F,G
accommodate,8,Y_C,7.0,color,feet,Y,F,7.25,-0.25,0.25,Y,C,Y
accommodate,8,G_F,4.0,color,feet,Y,F,5.75,-1.75,1.75,G,F,G
accommodate,8,G_C,7.0,color,feet,Y,F,3.75,3.25,3.25,G,C,G
accommodate,8,Y_F,10.0,color,feet,Y,F,8.5,1.5,1.5,Y,F,Y
accommodate,143,Y_F,10.0,feet,color,Y,F,8.75,1.25,1.25,Y,F,Y
accommodate,143,G_F,7.0,feet,color,Y,F,7.25,-0.25,0.25,G,F,G
accommodate,143,G_C,4.0,feet,color,Y,F,4.75,-0.75,0.75,G,C,G
accommodate,143,Y_C,8.0,feet,color,Y,F,4.75,3.25,3.25,Y,C,Y
accommodate,207,G_C,7.0,feet,color,G,F,3.75,3.25,3.25,G,C,G
accommodate,207,Y_F,3.0,feet,color,G,F,5.0,-2.0,2.0,Y,F,Y
accommodate,207,G_F,7.0,feet,color,G,F,7.0,0.0,0.0,G,F,G
accommodate,207,Y_C,3.0,feet,color,G,F,4.0,-1.0,1.0,Y,C,Y
accommodate,13,Y_C,10.0,feet,color,Y,C,9.5,0.5,0.5,Y,C,Y
accommodate,13,Y_F,4.0,feet,color,Y,C,5.0,-1.0,1.0,Y,F,Y
accommodate,13,G_F,3.0,feet,color,Y,C,4.25,-1.25,1.25,G,F,G
accommodate,13,G_C,8.0,feet,color,Y,C,8.25,-0.25,0.25,G,C,G
accommodate,125,G_C,7.0,feet,color,G,C,8.5,-1.5,1.5,G,C,G
accommodate,125,G_F,2.0,feet,color,G,C,3.5,-1.5,1.5,G,F,G
accommodate,125,Y_F,5.0,feet,color,G,C,3.25,1.75,1.75,Y,F,Y
accommodate,125,Y_C,9.0,feet,color,G,C,7.5,1.5,1.5,Y,C,Y
accommodate,200,Y_C,6.0,color,feet,Y,C,8.0,-2.0,2.0,Y,C,Y
accommodate,200,G_F,4.0,color,feet,Y,C,5.0,-1.0,1.0,G,F,G
accommodate,200,Y_F,6.0,color,feet,Y,C,7.0,-1.0,1.0,Y,F,Y
accommodate,200,G_C,5.0,color,feet,Y,C,5.25,-0.25,0.25,G,C,G
accommodate,34,G_C,5.0,color,feet,G,C,7.0,-2.0,2.0,G,C,G
accommodate,34,G_F,3.0,color,feet,G,C,7.25,-4.25,4.25,G,F,G
accommodate,34,Y_F,5.0,color,feet,G,C,3.0,2.0,2.0,Y,F,Y
accommodate,34,Y_C,3.0,color,feet,G,C,4.25,-1.25,1.25,Y,C,Y
accommodate,21,G_F,4.0,feet,color,G,C,4.0,0.0,0.0,G,F,G
accommodate,21,Y_C,2.0,feet,color,G,C,7.0,-5.0,5.0,Y,C,Y
accommodate,21,Y_F,4.0,feet,color,G,C,3.75,0.25,0.25,Y,F,Y
accommodate,21,G_C,8.0,feet,color,G,C,7.75,0.25,0.25,G,C,G
accommodate,26,Y_C,1.0,color,feet,G,F,3.25,-2.25,2.25,Y,C,Y
accommodate,26,Y_F,2.0,color,feet,G,F,3.5,-1.5,1.5,Y,F,Y
accommodate,26,G_F,10.0,color,feet,G,F,8.75,1.25,1.25,G,F,G
accommodate,26,G_C,5.0,color,feet,G,F,6.5,-1.5,1.5,G,C,G
accommodate,150,G_C,8.0,color,feet,G,C,8.5,-0.5,0.5,G,C,G
accommodate,150,Y_F,2.0,color,feet,G,C,3.5,-1.5,1.5,Y,F,Y
accommodate,150,G_F,8.0,color,feet,G,C,7.5,0.5,0.5,G,F,G
accommodate,150,Y_C,3.0,color,feet,G,C,3.75,-0.75,0.75,Y,C,Y
accommodate,119,Y_F,7.0,feet,color,G,F,7.0,0.0,0.0,Y,F,Y
accommodate,119,Y_C,8.0,feet,color,G,F,3.75,4.25,4.25,Y,C,Y
accommodate,119,G_C,9.0,feet,color,G,F,4.25,4.75,4.75,G,C,G
accommodate,119,G_F,8.0,feet,color,G,F,7.75,0.25,0.25,G,F,G
accommodate,56,Y_F,6.0,color,feet,Y,F,7.25,-1.25,1.25,Y,F,Y
accommodate,56,G_C,4.0,color,feet,Y,F,3.5,0.5,0.5,G,C,G
accommodate,56,G_F,2.0,color,feet,Y,F,5.0,-3.0,3.0,G,F,G
accommodate,56,Y_C,9.0,color,feet,Y,F,7.0,2.0,2.0,Y,C,Y
accommodate,82,G_C,7.0,color,feet,G,C,8.75,-1.75,1.75,G,C,G
accommodate,82,Y_C,4.0,color,feet,G,C,2.25,1.75,1.75,Y,C,Y
accommodate,82,Y_F,7.0,color,feet,G,C,2.5,4.5,4.5,Y,F,Y
accommodate,82,G_F,7.0,color,feet,G,C,7.25,-0.25,0.25,G,F,G
accommodate,121,G_F,3.0,feet,color,Y,C,2.75,0.25,0.25,G,F,G
accommodate,121,Y_C,9.0,feet,color,Y,C,7.75,1.25,1.25,Y,C,Y
accommodate,121,G_C,6.0,feet,color,Y,C,6.0,0.0,0.0,G,C,G
accommodate,121,Y_F,4.0,feet,color,Y,C,5.0,-1.0,1.0,Y,F,Y
accommodate,11,G_C,5.0,feet,color,G,F,4.0,1.0,1.0,G,C,G
accommodate,11,G_F,8.0,feet,color,G,F,7.5,0.5,0.5,G,F,G
accommodate,11,Y_F,9.0,feet,color,G,F,6.25,2.75,2.75,Y,F,Y
accommodate,11,Y_C,3.0,feet,color,G,F,4.25,-1.25,1.25,Y,C,Y
accommodate,137,G_F,3.0,feet,color,G,C,4.0,-1.0,1.0,G,F,G
accommodate,137,Y_C,9.0,feet,color,G,C,8.25,0.75,0.75,Y,C,Y
accommodate,137,Y_F,3.0,feet,color,G,C,2.75,0.25,0.25,Y,F,Y
accommodate,137,G_C,9.0,feet,color,G,C,8.25,0.75,0.75,G,C,G
accommodate,58,G_C,3.0,color,feet,G,F,4.5,-1.5,1.5,G,C,G
accommodate,58,Y_C,1.0,color,feet,G,F,2.75,-1.75,1.75,Y,C,Y
accommodate,58,G_F,10.0,color,feet,G,F,7.75,2.25,2.25,G,F,G
accommodate,58,Y_F,5.0,color,feet,G,F,5.5,-0.5,0.5,Y,F,Y
accommodate,178,G_F,8.0,color,feet,G,F,8.75,-0.75,0.75,G,F,G
accommodate,178,Y_F,3.0,color,feet,G,F,2.75,0.25,0.25,Y,F,Y
accommodate,178,G_C,6.0,color,feet,G,F,6.25,-0.25,0.25,G,C,G
accommodate,178,Y_C,4.0,color,feet,G,F,4.0,0.0,0.0,Y,C,Y
accommodate,177,G_C,9.0,feet,color,Y,C,8.25,0.75,0.75,G,C,G
accommodate,177,G_F,5.0,feet,color,Y,C,4.0,1.0,1.0,G,F,G
accommodate,177,Y_F,3.0,feet,color,Y,C,4.25,-1.25,1.25,Y,F,Y
accommodate,177,Y_C,7.0,feet,color,Y,C,9.0,-2.0,2.0,Y,C,Y
accommodate,139,G_C,9.0,feet,color,Y,F,2.75,6.25,6.25,G,C,G
accommodate,139,Y_F,3.0,feet,color,Y,F,7.75,-4.75,4.75,Y,F,Y
accommodate,139,G_F,5.0,feet,color,Y,F,7.25,-2.25,2.25,G,F,G
accommodate,139,Y_C,7.0,feet,color,Y,F,4.5,2.5,2.5,Y,C,Y
accommodate,81,G_F,3.0,feet,color,Y,C,3.5,-0.5,0.5,G,F,G
accommodate,81,Y_F,5.0,feet,color,Y,C,3.5,1.5,1.5,Y,F,Y
accommodate,81,Y_C,8.0,feet,color,Y,C,8.25,-0.25,0.25,Y,C,Y
accommodate,81,G_C,8.0,feet,color,Y,C,7.0,1.0,1.0,G,C,G
accommodate,48,G_C,6.0,color,feet,Y,C,5.0,1.0,1.0,G,C,G
accommodate,48,Y_F,7.0,color,feet,Y,C,8.75,-1.75,1.75,Y,F,Y
accommodate,48,Y_C,8.0,color,feet,Y,C,7.5,0.5,0.5,Y,C,Y
accommodate,48,G_F,3.0,color,feet,Y,C,2.5,0.5,0.5,G,F,G
accommodate,31,Y_C,4.0,feet,color,G,F,3.0,1.0,1.0,Y,C,Y
accommodate,31,Y_F,9.0,feet,color,G,F,7.5,1.5,1.5,Y,F,Y
accommodate,31,G_F,9.0,feet,color,G,F,9.25,-0.25,0.25,G,F,G
accommodate,31,G_C,3.0,feet,color,G,F,3.25,-0.25,0.25,G,C,G
accommodate,2,G_F,8.0,color,feet,G,F,7.5,0.5,0.5,G,F,G
accommodate,2,Y_C,3.0,color,feet,G,F,3.0,0.0,0.0,Y,C,Y
accommodate,2,Y_F,4.0,color,feet,G,F,3.5,0.5,0.5,Y,F,Y
accommodate,2,G_C,7.0,color,feet,G,F,6.75,0.25,0.25,G,C,G
accommodate,49,G_C,3.0,feet,color,Y,C,6.5,-3.5,3.5,G,C,G
accommodate,49,G_F,8.0,feet,color,Y,C,3.5,4.5,4.5,G,F,G
accommodate,49,Y_F,7.0,feet,color,Y,C,3.5,3.5,3.5,Y,F,Y
accommodate,49,Y_C,4.0,feet,color,Y,C,8.5,-4.5,4.5,Y,C,Y
accommodate,197,G_C,7.0,feet,color,G,C,8.0,-1.0,1.0,G,C,G
accommodate,197,G_F,4.0,feet,color,G,C,3.0,1.0,1.0,G,F,G
accommodate,197,Y_F,3.0,feet,color,G,C,3.25,-0.25,0.25,Y,F,Y
accommodate,197,Y_C,8.0,feet,color,G,C,5.75,2.25,2.25,Y,C,Y
accommodate,55,Y_C,3.0,feet,color,G,F,2.75,0.25,0.25,Y,C,Y
accommodate,55,G_F,8.0,feet,color,G,F,8.75,-0.75,0.75,G,F,G
accommodate,55,G_C,4.0,feet,color,G,F,4.25,-0.25,0.25,G,C,G
accommodate,55,Y_F,6.0,feet,color,G,F,7.0,-1.0,1.0,Y,F,Y
accommodate,193,Y_C,8.0,feet,color,G,C,6.75,1.25,1.25,Y,C,Y
accommodate,193,G_C,9.0,feet,color,G,C,7.75,1.25,1.25,G,C,G
accommodate,193,Y_F,4.0,feet,color,G,C,4.0,0.0,0.0,Y,F,Y
accommodate,193,G_F,6.0,feet,color,G,C,5.75,0.25,0.25,G,F,G
accommodate,195,Y_F,7.0,feet,color,G,F,5.5,1.5,1.5,Y,F,Y
accommodate,195,G_C,3.0,feet,color,G,F,4.25,-1.25,1.25,G,C,G
accommodate,195,Y_C,3.0,feet,color,G,F,3.5,-0.5,0.5,Y,C,Y
accommodate,195,G_F,9.0,feet,color,G,F,9.0,0.0,0.0,G,F,G
accommodate,32,Y_C,5.0,color,feet,Y,F,6.5,-1.5,1.5,Y,C,Y
accommodate,32,G_C,2.0,color,feet,Y,F,3.5,-1.5,1.5,G,C,G
accommodate,32,Y_F,9.0,color,feet,Y,F,8.5,0.5,0.5,Y,F,Y
accommodate,32,G_F,6.0,color,feet,Y,F,4.25,1.75,1.75,G,F,G
accommodate,198,Y_C,5.0,color,feet,G,F,4.0,1.0,1.0,Y,C,Y
accommodate,198,G_C,8.0,color,feet,G,F,7.25,0.75,0.75,G,C,G
accommodate,198,G_F,10.0,color,feet,G,F,8.25,1.75,1.75,G,F,G
accommodate,198,Y_F,3.0,color,feet,G,F,4.5,-1.5,1.5,Y,F,Y
accommodate,86,Y_C,5.0,color,feet,G,C,4.0,1.0,1.0,Y,C,Y
accommodate,86,G_C,7.0,color,feet,G,C,8.5,-1.5,1.5,G,C,G
accommodate,86,G_F,8.0,color,feet,G,C,7.75,0.25,0.25,G,F,G
accommodate,86,Y_F,3.0,color,feet,G,C,3.0,0.0,0.0,Y,F,Y
accommodate,166,Y_F,4.0,color,feet,G,F,3.75,0.25,0.25,Y,F,Y
accommodate,166,G_C,9.0,color,feet,G,F,7.0,2.0,2.0,G,C,G
accommodate,166,G_F,10.0,color,feet,G,F,7.5,2.5,2.5,G,F,G
accommodate,166,Y_C,2.0,color,feet,G,F,2.0,0.0,0.0,Y,C,Y
accommodate,7,G_F,8.0,feet,color,G,F,7.5,0.5,0.5,G,F,G
accommodate,7,Y_F,7.0,feet,color,G,F,6.5,0.5,0.5,Y,F,Y
accommodate,7,G_C,5.0,feet,color,G,F,4.0,1.0,1.0,G,C,G
accommodate,7,Y_C,4.0,feet,color,G,F,3.75,0.25,0.25,Y,C,Y
accommodate,15,Y_C,7.0,feet,color,Y,F,4.0,3.0,3.0,Y,C,Y
accommodate,15,G_F,7.0,feet,color,Y,F,7.25,-0.25,0.25,G,F,G
accommodate,15,G_C,5.0,feet,color,Y,F,2.5,2.5,2.5,G,C,G
accommodate,15,Y_F,6.0,feet,color,Y,F,8.25,-2.25,2.25,Y,F,Y
accommodate,99,Y_F,6.0,feet,color,Y,F,7.5,-1.5,1.5,Y,F,Y
accommodate,99,Y_C,2.0,feet,color,Y,F,3.75,-1.75,1.75,Y,C,Y
accommodate,99,G_C,2.0,feet,color,Y,F,2.5,-0.5,0.5,G,C,G
accommodate,99,G_F,8.0,feet,color,Y,F,7.5,0.5,0.5,G,F,G
accommodate,192,G_C,3.0,color,feet,Y,F,2.75,0.25,0.25,G,C,G
accommodate,192,G_F,4.0,color,feet,Y,F,3.5,0.5,0.5,G,F,G
accommodate,192,Y_C,6.0,color,feet,Y,F,6.75,-0.75,0.75,Y,C,Y
accommodate,192,Y_F,7.0,color,feet,Y,F,8.25,-1.25,1.25,Y,F,Y
accommodate,202,G_F,8.0,color,feet,G,C,6.25,1.75,1.75,G,F,G
accommodate,202,G_C,4.0,color,feet,G,C,6.25,-2.25,2.25,G,C,G
accommodate,202,Y_C,9.0,color,feet,G,C,4.0,5.0,5.0,Y,C,Y
accommodate,202,Y_F,4.0,color,feet,G,C,1.75,2.25,2.25,Y,F,Y
accommodate,194,Y_C,6.0,color,feet,G,F,4.0,2.0,2.0,Y,C,Y
accommodate,194,G_F,8.0,color,feet,G,F,8.5,-0.5,0.5,G,F,G
accommodate,194,G_C,10.0,color,feet,G,F,6.5,3.5,3.5,G,C,G
accommodate,194,Y_F,3.0,color,feet,G,F,3.0,0.0,0.0,Y,F,Y
accommodate,152,G_C,5.0,color,feet,Y,C,2.75,2.25,2.25,G,C,G
accommodate,152,Y_F,9.0,color,feet,Y,C,5.75,3.25,3.25,Y,F,Y
accommodate,152,G_F,3.0,color,feet,Y,C,3.75,-0.75,0.75,G,F,G
accommodate,152,Y_C,3.0,color,feet,Y,C,8.25,-5.25,5.25,Y,C,Y
accommodate,118,Y_C,1.0,color,feet,G,C,3.5,-2.5,2.5,Y,C,Y
accommodate,118,Y_F,4.0,color,feet,G,C,3.25,0.75,0.75,Y,F,Y
accommodate,118,G_F,7.0,color,feet,G,C,6.25,0.75,0.75,G,F,G
accommodate,118,G_C,9.0,color,feet,G,C,8.0,1.0,1.0,G,C,G
accommodate,70,G_C,8.0,color,feet,G,C,8.75,-0.75,0.75,G,C,G
accommodate,70,G_F,10.0,color,feet,G,C,8.5,1.5,1.5,G,F,G
accommodate,70,Y_C,4.0,color,feet,G,C,4.0,0.0,0.0,Y,C,Y
accommodate,70,Y_F,4.0,color,feet,G,C,3.25,0.75,0.75,Y,F,Y
accommodate,19,G_C,3.0,feet,color,G,F,4.25,-1.25,1.25,G,C,G
accommodate,19,Y_C,2.0,feet,color,G,F,2.0,0.0,0.0,Y,C,Y
accommodate,19,G_F,9.0,feet,color,G,F,7.75,1.25,1.25,G,F,G
accommodate,19,Y_F,3.0,feet,color,G,F,6.75,-3.75,3.75,Y,F,Y
accommodate,218,G_C,7.0,color,feet,G,C,8.75,-1.75,1.75,G,C,G
accommodate,218,Y_C,3.0,color,feet,G,C,3.75,-0.75,0.75,Y,C,Y
accommodate,218,G_F,8.0,color,feet,G,C,6.5,1.5,1.5,G,F,G
accommodate,218,Y_F,4.0,color,feet,G,C,2.5,1.5,1.5,Y,F,Y
accommodate,76,G_F,5.0,color,feet,Y,F,4.75,0.25,0.25,G,F,G
accommodate,76,G_C,4.0,color,feet,Y,F,4.5,-0.5,0.5,G,C,G
accommodate,76,Y_F,8.0,color,feet,Y,F,7.5,0.5,0.5,Y,F,Y
accommodate,76,Y_C,10.0,color,feet,Y,F,6.75,3.25,3.25,Y,C,Y
accommodate,162,Y_F,8.0,color,feet,G,F,5.75,2.25,2.25,Y,F,Y
accommodate,162,G_F,7.0,color,feet,G,F,6.75,0.25,0.25,G,F,G
accommodate,162,Y_C,3.0,color,feet,G,F,3.25,-0.25,0.25,Y,C,Y
accommodate,162,G_C,3.0,color,feet,G,F,6.0,-3.0,3.0,G,C,G
accommodate,217,G_F,4.0,feet,color,G,C,3.25,0.75,0.75,G,F,G
accommodate,217,Y_F,6.0,feet,color,G,C,3.75,2.25,2.25,Y,F,Y
accommodate,217,Y_C,8.0,feet,color,G,C,6.0,2.0,2.0,Y,C,Y
accommodate,217,G_C,5.0,feet,color,G,C,8.0,-3.0,3.0,G,C,G
accommodate,140,G_C,7.0,color,feet,Y,C,5.0,2.0,2.0,G,C,G
accommodate,140,Y_C,10.0,color,feet,Y,C,7.25,2.75,2.75,Y,C,Y
accommodate,140,Y_F,8.0,color,feet,Y,C,7.75,0.25,0.25,Y,F,Y
accommodate,140,G_F,5.0,color,feet,Y,C,3.25,1.75,1.75,G,F,G
accommodate,168,Y_C,9.0,color,feet,Y,C,8.75,0.25,0.25,Y,C,Y
accommodate,168,G_C,5.0,color,feet,Y,C,2.75,2.25,2.25,G,C,G
accommodate,168,Y_F,8.0,color,feet,Y,C,7.25,0.75,0.75,Y,F,Y
accommodate,168,G_F,3.0,color,feet,Y,C,3.25,-0.25,0.25,G,F,G
accommodate,129,G_C,7.0,feet,color,Y,C,7.25,-0.25,0.25,G,C,G
accommodate,129,Y_C,8.0,feet,color,Y,C,7.75,0.25,0.25,Y,C,Y
accommodate,129,G_F,5.0,feet,color,Y,C,3.25,1.75,1.75,G,F,G
accommodate,129,Y_F,2.0,feet,color,Y,C,5.5,-3.5,3.5,Y,F,Y
accommodate,130,G_C,8.0,color,feet,G,C,8.75,-0.75,0.75,G,C,G
accommodate,130,Y_F,3.0,color,feet,G,C,3.75,-0.75,0.75,Y,F,Y
accommodate,130,G_F,7.0,color,feet,G,C,7.25,-0.25,0.25,G,F,G
accommodate,130,Y_C,4.0,color,feet,G,C,3.75,0.25,0.25,Y,C,Y
accommodate,5,G_C,8.0,feet,color,Y,C,8.25,-0.25,0.25,G,C,G
accommodate,5,G_F,2.0,feet,color,Y,C,2.75,-0.75,0.75,G,F,G
accommodate,5,Y_C,7.0,feet,color,Y,C,8.5,-1.5,1.5,Y,C,Y
accommodate,5,Y_F,2.0,feet,color,Y,C,3.5,-1.5,1.5,Y,F,Y
accommodate,158,G_F,9.0,color,feet,G,F,7.5,1.5,1.5,G,F,G
accommodate,158,Y_C,2.0,color,feet,G,F,1.25,0.75,0.75,Y,C,Y
accommodate,158,G_C,6.0,color,feet,G,F,6.5,-0.5,0.5,G,C,G
accommodate,158,Y_F,4.0,color,feet,G,F,4.75,-0.75,0.75,Y,F,Y
accommodate,191,Y_C,3.0,feet,color,G,F,3.25,-0.25,0.25,Y,C,Y
accommodate,191,G_F,8.0,feet,color,G,F,6.5,1.5,1.5,G,F,G
accommodate,191,G_C,5.0,feet,color,G,F,5.5,-0.5,0.5,G,C,G
accommodate,191,Y_F,6.0,feet,color,G,F,6.75,-0.75,0.75,Y,F,Y
accommodate,44,G_F,8.0,color,feet,Y,F,4.5,3.5,3.5,G,F,G
accommodate,44,G_C,3.0,color,feet,Y,F,4.0,-1.0,1.0,G,C,G
accommodate,44,Y_C,2.0,color,feet,Y,F,6.25,-4.25,4.25,Y,C,Y
accommodate,44,Y_F,6.0,color,feet,Y,F,6.75,-0.75,0.75,Y,F,Y
accommodate,43,Y_C,8.0,feet,color,G,F,3.75,4.25,4.25,Y,C,Y
accommodate,43,G_C,6.0,feet,color,G,F,4.75,1.25,1.25,G,C,G
accommodate,43,G_F,5.0,feet,color,G,F,6.75,-1.75,1.75,G,F,G
accommodate,43,Y_F,4.0,feet,color,G,F,5.75,-1.75,1.75,Y,F,Y
accommodate,107,Y_F,5.0,feet,color,G,F,6.5,-1.5,1.5,Y,F,Y
accommodate,107,G_F,7.0,feet,color,G,F,8.5,-1.5,1.5,G,F,G
accommodate,107,Y_C,3.0,feet,color,G,F,3.0,0.0,0.0,Y,C,Y
accommodate,107,G_C,5.0,feet,color,G,F,2.75,2.25,2.25,G,C,G
accommodate,189,Y_C,6.0,feet,color,G,C,6.5,-0.5,0.5,Y,C,Y
accommodate,189,Y_F,2.0,feet,color,G,C,3.25,-1.25,1.25,Y,F,Y
accommodate,189,G_C,10.0,feet,color,G,C,9.25,0.75,0.75,G,C,G
accommodate,189,G_F,4.0,feet,color,G,C,3.5,0.5,0.5,G,F,G
accommodate,98,G_C,8.0,color,feet,G,C,7.5,0.5,0.5,G,C,G
accommodate,98,G_F,6.0,color,feet,G,C,4.0,2.0,2.0,G,F,G
accommodate,98,Y_F,2.0,color,feet,G,C,3.5,-1.5,1.5,Y,F,Y
accommodate,98,Y_C,4.0,color,feet,G,C,3.75,0.25,0.25,Y,C,Y
accommodate,185,Y_F,2.0,feet,color,G,C,1.5,0.5,0.5,Y,F,Y
accommodate,185,Y_C,9.0,feet,color,G,C,8.5,0.5,0.5,Y,C,Y
accommodate,185,G_C,7.0,feet,color,G,C,7.25,-0.25,0.25,G,C,G
accommodate,185,G_F,3.0,feet,color,G,C,5.25,-2.25,2.25,G,F,G
accommodate,37,G_C,8.0,feet,color,G,C,9.25,-1.25,1.25,G,C,G
accommodate,37,G_F,4.0,feet,color,G,C,3.5,0.5,0.5,G,F,G
accommodate,37,Y_C,10.0,feet,color,G,C,6.75,3.25,3.25,Y,C,Y
accommodate,37,Y_F,3.0,feet,color,G,C,4.5,-1.5,1.5,Y,F,Y
accommodate,213,Y_F,6.0,feet,color,G,C,3.25,2.75,2.75,Y,F,Y
accommodate,213,Y_C,9.0,feet,color,G,C,7.5,1.5,1.5,Y,C,Y
accommodate,213,G_C,4.0,feet,color,G,C,8.0,-4.0,4.0,G,C,G
accommodate,213,G_F,8.0,feet,color,G,C,3.75,4.25,4.25,G,F,G
accommodate,138,Y_F,2.0,color,feet,G,F,2.75,-0.75,0.75,Y,F,Y
accommodate,138,G_F,6.0,color,feet,G,F,6.5,-0.5,0.5,G,F,G
accommodate,138,G_C,8.0,color,feet,G,F,6.75,1.25,1.25,G,C,G
accommodate,138,Y_C,3.0,color,feet,G,F,1.25,1.75,1.75,Y,C,Y
accommodate,120,G_F,2.0,color,feet,Y,F,4.25,-2.25,2.25,G,F,G
accommodate,120,G_C,4.0,color,feet,Y,F,2.75,1.25,1.25,G,C,G
accommodate,120,Y_C,6.0,color,feet,Y,F,6.5,-0.5,0.5,Y,C,Y
accommodate,120,Y_F,8.0,color,feet,Y,F,7.75,0.25,0.25,Y,F,Y
accommodate,4,G_F,3.0,color,feet,Y,F,5.5,-2.5,2.5,G,F,G
accommodate,4,Y_C,8.0,color,feet,Y,F,7.0,1.0,1.0,Y,C,Y
accommodate,4,G_C,6.0,color,feet,Y,F,3.75,2.25,2.25,G,C,G
accommodate,4,Y_F,6.0,color,feet,Y,F,7.75,-1.75,1.75,Y,F,Y
accommodate,154,Y_F,5.0,color,feet,G,F,3.25,1.75,1.75,Y,F,Y
accommodate,154,Y_C,2.0,color,feet,G,F,3.0,-1.0,1.0,Y,C,Y
accommodate,154,G_F,5.0,color,feet,G,F,7.0,-2.0,2.0,G,F,G
accommodate,154,G_C,9.0,color,feet,G,F,6.25,2.75,2.75,G,C,G
accommodate,63,G_C,5.0,feet,color,G,F,4.25,0.75,0.75,G,C,G
accommodate,63,Y_F,6.0,feet,color,G,F,6.25,-0.25,0.25,Y,F,Y
accommodate,63,G_F,8.0,feet,color,G,F,7.25,0.75,0.75,G,F,G
accommodate,63,Y_C,2.0,feet,color,G,F,4.25,-2.25,2.25,Y,C,Y
accommodate,199,G_C,6.0,feet,color,G,F,4.5,1.5,1.5,G,C,G
accommodate,199,G_F,4.0,feet,color,G,F,7.75,-3.75,3.75,G,F,G
accommodate,199,Y_F,9.0,feet,color,G,F,6.75,2.25,2.25,Y,F,Y
accommodate,199,Y_C,7.0,feet,color,G,F,3.75,3.25,3.25,Y,C,Y
accommodate,216,Y_C,8.0,color,feet,Y,C,7.25,0.75,0.75,Y,C,Y
accommodate,216,G_F,6.0,color,feet,Y,C,3.5,2.5,2.5,G,F,G
accommodate,216,G_C,5.0,color,feet,Y,C,5.75,-0.75,0.75,G,C,G
accommodate,216,Y_F,7.0,color,feet,Y,C,7.0,0.0,0.0,Y,F,Y
accommodate,38,G_F,9.0,color,feet,G,F,7.5,1.5,1.5,G,F,G
accommodate,38,G_C,8.0,color,feet,G,F,8.0,0.0,0.0,G,C,G
accommodate,38,Y_C,3.0,color,feet,G,F,1.75,1.25,1.25,Y,C,Y
accommodate,38,Y_F,1.0,color,feet,G,F,4.25,-3.25,3.25,Y,F,Y
accommodate,214,Y_C,4.0,color,feet,G,F,3.5,0.5,0.5,Y,C,Y
accommodate,214,G_F,7.0,color,feet,G,F,8.5,-1.5,1.5,G,F,G
accommodate,214,G_C,10.0,color,feet,G,F,8.25,1.75,1.75,G,C,G
accommodate,214,Y_F,3.0,color,feet,G,F,4.5,-1.5,1.5,Y,F,Y
accommodate,146,G_C,5.0,color,feet,G,F,5.5,-0.5,0.5,G,C,G
accommodate,146,G_F,6.0,color,feet,G,F,7.25,-1.25,1.25,G,F,G
accommodate,146,Y_C,4.0,color,feet,G,F,2.75,1.25,1.25,Y,C,Y
accommodate,146,Y_F,2.0,color,feet,G,F,3.5,-1.5,1.5,Y,F,Y
accommodate,188,G_F,2.0,color,feet,Y,C,3.75,-1.75,1.75,G,F,G
accommodate,188,Y_F,6.0,color,feet,Y,C,5.5,0.5,0.5,Y,F,Y
accommodate,188,Y_C,10.0,color,feet,Y,C,9.0,1.0,1.0,Y,C,Y
accommodate,188,G_C,6.0,color,feet,Y,C,2.75,3.25,3.25,G,C,G
accommodate,104,Y_C,7.0,color,feet,Y,C,7.75,-0.75,0.75,Y,C,Y
accommodate,104,G_C,5.0,color,feet,Y,C,3.25,1.75,1.75,G,C,G
accommodate,104,G_F,3.0,color,feet,Y,C,3.25,-0.25,0.25,G,F,G
accommodate,104,Y_F,7.0,color,feet,Y,C,6.25,0.75,0.75,Y,F,Y
accommodate,204,Y_C,10.0,color,feet,Y,C,8.5,1.5,1.5,Y,C,Y
accommodate,204,Y_F,8.0,color,feet,Y,C,7.75,0.25,0.25,Y,F,Y
accommodate,204,G_C,4.0,color,feet,Y,C,3.25,0.75,0.75,G,C,G
accommodate,204,G_F,1.0,color,feet,Y,C,1.75,-0.75,0.75,G,F,G
predict,197,G_C,6.0,feet,color,G,C,8.0,-2.0,2.0,G,C,G
predict,197,G_F,2.0,feet,color,G,C,3.0,-1.0,1.0,G,F,G
predict,197,Y_F,4.0,feet,color,G,C,3.25,0.75,0.75,Y,F,Y
predict,197,Y_C,8.0,feet,color,G,C,5.75,2.25,2.25,Y,C,Y
predict,170,G_C,6.0,color,feet,G,F,6.25,-0.25,0.25,G,C,G
predict,170,Y_C,2.0,color,feet,G,F,2.5,-0.5,0.5,Y,C,Y
predict,170,Y_F,8.0,color,feet,G,F,3.75,4.25,4.25,Y,F,Y
predict,170,G_F,7.0,color,feet,G,F,7.25,-0.25,0.25,G,F,G
predict,75,Y_C,8.0,feet,color,Y,F,4.5,3.5,3.5,Y,C,Y
predict,75,Y_F,4.0,feet,color,Y,F,8.25,-4.25,4.25,Y,F,Y
predict,75,G_C,8.0,feet,color,Y,F,2.5,5.5,5.5,G,C,G
predict,75,G_F,4.0,feet,color,Y,F,7.75,-3.75,3.75,G,F,G
predict,8,Y_C,4.0,color,feet,Y,F,7.25,-3.25,3.25,Y,C,Y
predict,8,G_F,3.0,color,feet,Y,F,5.75,-2.75,2.75,G,F,G
predict,8,G_C,7.0,color,feet,Y,F,3.75,3.25,3.25,G,C,G
predict,8,Y_F,9.0,color,feet,Y,F,8.5,0.5,0.5,Y,F,Y
predict,34,G_C,7.0,color,feet,G,C,7.0,0.0,0.0,G,C,G
predict,34,G_F,5.0,color,feet,G,C,7.25,-2.25,2.25,G,F,G
predict,34,Y_F,3.0,color,feet,G,C,3.0,0.0,0.0,Y,F,Y
predict,34,Y_C,5.0,color,feet,G,C,4.25,0.75,0.75,Y,C,Y
predict,38,G_F,8.0,color,feet,G,F,7.5,0.5,0.5,G,F,G
predict,38,G_C,8.0,color,feet,G,F,8.0,0.0,0.0,G,C,G
predict,38,Y_C,3.0,color,feet,G,F,1.75,1.25,1.25,Y,C,Y
predict,38,Y_F,5.0,color,feet,G,F,4.25,0.75,0.75,Y,F,Y
predict,196,G_F,4.0,color,feet,Y,C,3.5,0.5,0.5,G,F,G
predict,196,G_C,8.0,color,feet,Y,C,5.25,2.75,2.75,G,C,G
predict,196,Y_F,8.0,color,feet,Y,C,7.75,0.25,0.25,Y,F,Y
predict,196,Y_C,4.0,color,feet,Y,C,7.25,-3.25,3.25,Y,C,Y
predict,79,Y_C,3.0,feet,color,Y,F,2.5,0.5,0.5,Y,C,Y
predict,79,Y_F,9.0,feet,color,Y,F,9.5,-0.5,0.5,Y,F,Y
predict,79,G_F,8.0,feet,color,Y,F,7.0,1.0,1.0,G,F,G
predict,79,G_C,4.0,feet,color,Y,F,2.75,1.25,1.25,G,C,G
predict,28,G_F,7.0,color,feet,Y,C,2.75,4.25,4.25,G,F,G
predict,28,G_C,4.0,color,feet,Y,C,4.0,0.0,0.0,G,C,G
predict,28,Y_F,8.0,color,feet,Y,C,6.25,1.75,1.75,Y,F,Y
predict,28,Y_C,6.0,color,feet,Y,C,6.75,-0.75,0.75,Y,C,Y
predict,23,G_F,8.0,feet,color,Y,F,7.5,0.5,0.5,G,F,G
predict,23,G_C,4.0,feet,color,Y,F,2.75,1.25,1.25,G,C,G
predict,23,Y_F,8.0,feet,color,Y,F,8.0,0.0,0.0,Y,F,Y
predict,23,Y_C,3.0,feet,color,Y,F,4.0,-1.0,1.0,Y,C,Y
predict,72,G_F,1.0,color,feet,Y,C,2.5,-1.5,1.5,G,F,G
predict,72,Y_C,7.0,color,feet,Y,C,7.5,-0.5,0.5,Y,C,Y
predict,72,Y_F,6.0,color,feet,Y,C,7.0,-1.0,1.0,Y,F,Y
predict,72,G_C,5.0,color,feet,Y,C,3.75,1.25,1.25,G,C,G
predict,130,G_C,7.0,color,feet,G,C,8.75,-1.75,1.75,G,C,G
predict,130,Y_F,1.0,color,feet,G,C,3.75,-2.75,2.75,Y,F,Y
predict,130,G_F,4.0,color,feet,G,C,7.25,-3.25,3.25,G,F,G
predict,130,Y_C,9.0,color,feet,G,C,3.75,5.25,5.25,Y,C,Y
predict,127,G_F,3.0,feet,color,Y,F,6.75,-3.75,3.75,G,F,G
predict,127,Y_C,6.0,feet,color,Y,F,4.5,1.5,1.5,Y,C,Y
predict,127,G_C,2.0,feet,color,Y,F,3.25,-1.25,1.25,G,C,G
predict,127,Y_F,8.0,feet,color,Y,F,8.25,-0.25,0.25,Y,F,Y
predict,92,G_F,3.0,color,feet,Y,F,3.5,-0.5,0.5,G,F,G
predict,92,Y_F,8.0,color,feet,Y,F,6.75,1.25,1.25,Y,F,Y
predict,92,Y_C,5.0,color,feet,Y,F,7.25,-2.25,2.25,Y,C,Y
predict,92,G_C,5.0,color,feet,Y,F,1.75,3.25,3.25,G,C,G
predict,176,G_C,6.0,color,feet,Y,C,5.5,0.5,0.5,G,C,G
predict,176,G_F,6.0,color,feet,Y,C,3.5,2.5,2.5,G,F,G
predict,176,Y_C,6.0,color,feet,Y,C,7.5,-1.5,1.5,Y,C,Y
predict,176,Y_F,7.0,color,feet,Y,C,6.75,0.25,0.25,Y,F,Y
predict,119,Y_F,8.0,feet,color,G,F,7.0,1.0,1.0,Y,F,Y
predict,119,Y_C,5.0,feet,color,G,F,3.75,1.25,1.25,Y,C,Y
predict,119,G_C,3.0,feet,color,G,F,4.25,-1.25,1.25,G,C,G
predict,119,G_F,8.0,feet,color,G,F,7.75,0.25,0.25,G,F,G
predict,22,G_F,6.0,color,feet,G,F,7.0,-1.0,1.0,G,F,G
predict,22,G_C,8.0,color,feet,G,F,6.25,1.75,1.75,G,C,G
predict,22,Y_F,2.0,color,feet,G,F,3.25,-1.25,1.25,Y,F,Y
predict,22,Y_C,6.0,color,feet,G,F,2.75,3.25,3.25,Y,C,Y
predict,125,G_C,9.0,feet,color,G,C,8.5,0.5,0.5,G,C,G
predict,125,G_F,4.0,feet,color,G,C,3.5,0.5,0.5,G,F,G
predict,125,Y_F,3.0,feet,color,G,C,3.25,-0.25,0.25,Y,F,Y
predict,125,Y_C,9.0,feet,color,G,C,7.5,1.5,1.5,Y,C,Y
predict,16,G_C,2.0,color,feet,Y,C,4.0,-2.0,2.0,G,C,G
predict,16,Y_F,8.0,color,feet,Y,C,7.75,0.25,0.25,Y,F,Y
predict,16,G_F,2.0,color,feet,Y,C,2.75,-0.75,0.75,G,F,G
predict,16,Y_C,8.0,color,feet,Y,C,7.5,0.5,0.5,Y,C,Y
predict,199,G_C,7.0,feet,color,G,F,4.5,2.5,2.5,G,C,G
predict,199,G_F,7.0,feet,color,G,F,7.75,-0.75,0.75,G,F,G
predict,199,Y_F,3.0,feet,color,G,F,6.75,-3.75,3.75,Y,F,Y
predict,199,Y_C,3.0,feet,color,G,F,3.75,-0.75,0.75,Y,C,Y
predict,37,G_C,6.0,feet,color,G,C,9.25,-3.25,3.25,G,C,G
predict,37,G_F,8.0,feet,color,G,C,3.5,4.5,4.5,G,F,G
predict,37,Y_C,7.0,feet,color,G,C,6.75,0.25,0.25,Y,C,Y
predict,37,Y_F,4.0,feet,color,G,C,4.5,-0.5,0.5,Y,F,Y
predict,67,Y_C,4.0,feet,color,G,F,3.25,0.75,0.75,Y,C,Y
predict,67,G_F,9.0,feet,color,G,F,8.0,1.0,1.0,G,F,G
predict,67,G_C,4.0,feet,color,G,F,5.5,-1.5,1.5,G,C,G
predict,67,Y_F,7.0,feet,color,G,F,7.75,-0.75,0.75,Y,F,Y
predict,90,Y_C,5.0,color,feet,G,F,2.75,2.25,2.25,Y,C,Y
predict,90,G_C,8.0,color,feet,G,F,8.0,0.0,0.0,G,C,G
predict,90,Y_F,3.0,color,feet,G,F,4.75,-1.75,1.75,Y,F,Y
predict,90,G_F,10.0,color,feet,G,F,7.75,2.25,2.25,G,F,G
predict,149,Y_C,8.0,feet,color,Y,C,9.25,-1.25,1.25,Y,C,Y
predict,149,G_C,8.0,feet,color,Y,C,7.5,0.5,0.5,G,C,G
predict,149,Y_F,2.0,feet,color,Y,C,3.25,-1.25,1.25,Y,F,Y
predict,149,G_F,3.0,feet,color,Y,C,2.75,0.25,0.25,G,F,G
predict,180,Y_F,10.0,color,feet,Y,F,7.5,2.5,2.5,Y,F,Y
predict,180,G_F,3.0,color,feet,Y,F,5.5,-2.5,2.5,G,F,G
predict,180,G_C,2.0,color,feet,Y,F,3.0,-1.0,1.0,G,C,G
predict,180,Y_C,9.0,color,feet,Y,F,7.5,1.5,1.5,Y,C,Y
predict,109,Y_F,1.0,feet,color,G,C,3.0,-2.0,2.0,Y,F,Y
predict,109,G_F,4.0,feet,color,G,C,5.0,-1.0,1.0,G,F,G
predict,109,G_C,7.0,feet,color,G,C,7.0,0.0,0.0,G,C,G
predict,109,Y_C,4.0,feet,color,G,C,5.75,-1.75,1.75,Y,C,Y
predict,216,Y_C,6.0,color,feet,Y,C,7.25,-1.25,1.25,Y,C,Y
predict,216,G_F,4.0,color,feet,Y,C,3.5,0.5,0.5,G,F,G
predict,216,G_C,1.0,color,feet,Y,C,5.75,-4.75,4.75,G,C,G
predict,216,Y_F,9.0,color,feet,Y,C,7.0,2.0,2.0,Y,F,Y
predict,110,G_C,6.0,color,feet,G,F,8.5,-2.5,2.5,G,C,G
predict,110,G_F,10.0,color,feet,G,F,8.75,1.25,1.25,G,F,G
predict,110,Y_F,8.0,color,feet,G,F,5.0,3.0,3.0,Y,F,Y
predict,110,Y_C,10.0,color,feet,G,F,4.25,5.75,5.75,Y,C,Y
predict,121,G_F,3.0,feet,color,Y,C,2.75,0.25,0.25,G,F,G
predict,121,Y_C,8.0,feet,color,Y,C,7.75,0.25,0.25,Y,C,Y
predict,121,G_C,8.0,feet,color,Y,C,6.0,2.0,2.0,G,C,G
predict,121,Y_F,5.0,feet,color,Y,C,5.0,0.0,0.0,Y,F,Y
predict,152,G_C,3.0,color,feet,Y,C,2.75,0.25,0.25,G,C,G
predict,152,Y_F,8.0,color,feet,Y,C,5.75,2.25,2.25,Y,F,Y
predict,152,G_F,4.0,color,feet,Y,C,3.75,0.25,0.25,G,F,G
predict,152,Y_C,7.0,color,feet,Y,C,8.25,-1.25,1.25,Y,C,Y
predict,190,Y_F,5.0,color,feet,G,C,4.25,0.75,0.75,Y,F,Y
predict,190,Y_C,6.0,color,feet,G,C,4.25,1.75,1.75,Y,C,Y
predict,190,G_C,6.0,color,feet,G,C,8.5,-2.5,2.5,G,C,G
predict,190,G_F,7.0,color,feet,G,C,6.25,0.75,0.75,G,F,G
predict,46,G_C,9.0,color,feet,G,C,7.5,1.5,1.5,G,C,G
predict,46,Y_C,4.0,color,feet,G,C,3.75,0.25,0.25,Y,C,Y
predict,46,Y_F,3.0,color,feet,G,C,3.25,-0.25,0.25,Y,F,Y
predict,46,G_F,8.0,color,feet,G,C,7.0,1.0,1.0,G,F,G
predict,124,G_C,5.0,color,feet,Y,F,3.25,1.75,1.75,G,C,G
predict,124,Y_F,10.0,color,feet,Y,F,8.5,1.5,1.5,Y,F,Y
predict,124,Y_C,9.0,color,feet,Y,F,7.0,2.0,2.0,Y,C,Y
predict,124,G_F,7.0,color,feet,Y,F,4.25,2.75,2.75,G,F,G
predict,113,G_C,6.0,feet,color,Y,C,8.5,-2.5,2.5,G,C,G
predict,113,G_F,10.0,feet,color,Y,C,2.5,7.5,7.5,G,F,G
predict,113,Y_F,4.0,feet,color,Y,C,4.5,-0.5,0.5,Y,F,Y
predict,113,Y_C,10.0,feet,color,Y,C,8.0,2.0,2.0,Y,C,Y
predict,142,Y_F,2.0,color,feet,G,F,2.75,-0.75,0.75,Y,F,Y
predict,142,G_F,7.0,color,feet,G,F,8.5,-1.5,1.5,G,F,G
predict,142,Y_C,3.0,color,feet,G,F,2.75,0.25,0.25,Y,C,Y
predict,142,G_C,8.0,color,feet,G,F,7.0,1.0,1.0,G,C,G
predict,189,Y_C,3.0,feet,color,G,C,6.5,-3.5,3.5,Y,C,Y
predict,189,Y_F,7.0,feet,color,G,C,3.25,3.75,3.75,Y,F,Y
predict,189,G_C,4.0,feet,color,G,C,9.25,-5.25,5.25,G,C,G
predict,189,G_F,7.0,feet,color,G,C,3.5,3.5,3.5,G,F,G
predict,55,Y_C,3.0,feet,color,G,F,2.75,0.25,0.25,Y,C,Y
predict,55,G_F,8.0,feet,color,G,F,8.75,-0.75,0.75,G,F,G
predict,55,G_C,3.0,feet,color,G,F,4.25,-1.25,1.25,G,C,G
predict,55,Y_F,9.0,feet,color,G,F,7.0,2.0,2.0,Y,F,Y
predict,93,Y_F,3.0,feet,color,Y,C,3.5,-0.5,0.5,Y,F,Y
predict,93,G_F,6.0,feet,color,Y,C,3.25,2.75,2.75,G,F,G
predict,93,G_C,5.0,feet,color,Y,C,6.25,-1.25,1.25,G,C,G
predict,93,Y_C,8.0,feet,color,Y,C,7.75,0.25,0.25,Y,C,Y
predict,200,Y_C,8.0,color,feet,Y,C,8.0,0.0,0.0,Y,C,Y
predict,200,G_F,3.0,color,feet,Y,C,5.0,-2.0,2.0,G,F,G
predict,200,Y_F,7.0,color,feet,Y,C,7.0,0.0,0.0,Y,F,Y
predict,200,G_C,5.0,color,feet,Y,C,5.25,-0.25,0.25,G,C,G
predict,178,G_F,8.0,color,feet,G,F,8.75,-0.75,0.75,G,F,G
predict,178,Y_F,3.0,color,feet,G,F,2.75,0.25,0.25,Y,F,Y
predict,178,G_C,9.0,color,feet,G,F,6.25,2.75,2.75,G,C,G
predict,178,Y_C,2.0,color,feet,G,F,4.0,-2.0,2.0,Y,C,Y
predict,30,Y_F,1.0,color,feet,G,C,2.0,-1.0,1.0,Y,F,Y
predict,30,G_F,9.0,color,feet,G,C,7.5,1.5,1.5,G,F,G
predict,30,Y_C,3.0,color,feet,G,C,4.5,-1.5,1.5,Y,C,Y
predict,30,G_C,9.0,color,feet,G,C,8.25,0.75,0.75,G,C,G
predict,181,G_C,7.0,feet,color,G,C,9.5,-2.5,2.5,G,C,G
predict,181,Y_C,9.0,feet,color,G,C,6.25,2.75,2.75,Y,C,Y
predict,181,G_F,3.0,feet,color,G,C,4.25,-1.25,1.25,G,F,G
predict,181,Y_F,3.0,feet,color,G,C,2.75,0.25,0.25,Y,F,Y
predict,118,Y_C,2.0,color,feet,G,C,3.5,-1.5,1.5,Y,C,Y
predict,118,Y_F,4.0,color,feet,G,C,3.25,0.75,0.75,Y,F,Y
predict,118,G_F,8.0,color,feet,G,C,6.25,1.75,1.75,G,F,G
predict,118,G_C,10.0,color,feet,G,C,8.0,2.0,2.0,G,C,G
predict,20,G_C,4.0,color,feet,Y,C,4.25,-0.25,0.25,G,C,G
predict,20,Y_F,8.0,color,feet,Y,C,8.25,-0.25,0.25,Y,F,Y
predict,20,G_F,4.0,color,feet,Y,C,2.75,1.25,1.25,G,F,G
predict,20,Y_C,6.0,color,feet,Y,C,7.75,-1.75,1.75,Y,C,Y
predict,44,G_F,8.0,color,feet,Y,F,4.5,3.5,3.5,G,F,G
predict,44,G_C,5.0,color,feet,Y,F,4.0,1.0,1.0,G,C,G
predict,44,Y_C,9.0,color,feet,Y,F,6.25,2.75,2.75,Y,C,Y
predict,44,Y_F,4.0,color,feet,Y,F,6.75,-2.75,2.75,Y,F,Y
predict,84,Y_F,9.0,color,feet,Y,C,8.0,1.0,1.0,Y,F,Y
predict,84,G_C,1.0,color,feet,Y,C,3.75,-2.75,2.75,G,C,G
predict,84,G_F,5.0,color,feet,Y,C,1.0,4.0,4.0,G,F,G
predict,84,Y_C,6.0,color,feet,Y,C,8.5,-2.5,2.5,Y,C,Y
predict,80,G_C,5.0,color,feet,Y,F,3.0,2.0,2.0,G,C,G
predict,80,G_F,3.0,color,feet,Y,F,4.75,-1.75,1.75,G,F,G
predict,80,Y_F,10.0,color,feet,Y,F,8.75,1.25,1.25,Y,F,Y
predict,80,Y_C,9.0,color,feet,Y,F,9.25,-0.25,0.25,Y,C,Y
predict,99,Y_F,6.0,feet,color,Y,F,7.5,-1.5,1.5,Y,F,Y
predict,99,Y_C,4.0,feet,color,Y,F,3.75,0.25,0.25,Y,C,Y
predict,99,G_C,8.0,feet,color,Y,F,2.5,5.5,5.5,G,C,G
predict,99,G_F,2.0,feet,color,Y,F,7.5,-5.5,5.5,G,F,G
predict,77,G_F,3.0,feet,color,Y,C,3.75,-0.75,0.75,G,F,G
predict,77,G_C,7.0,feet,color,Y,C,6.75,0.25,0.25,G,C,G
predict,77,Y_F,4.0,feet,color,Y,C,3.5,0.5,0.5,Y,F,Y
predict,77,Y_C,7.0,feet,color,Y,C,8.0,-1.0,1.0,Y,C,Y
predict,1,Y_F,9.0,feet,color,Y,C,2.5,6.5,6.5,Y,F,Y
predict,1,G_F,1.0,feet,color,Y,C,2.5,-1.5,1.5,G,F,G
predict,1,G_C,6.0,feet,color,Y,C,6.75,-0.75,0.75,G,C,G
predict,1,Y_C,9.0,feet,color,Y,C,7.75,1.25,1.25,Y,C,Y
predict,103,Y_C,1.0,feet,color,Y,F,3.5,-2.5,2.5,Y,C,Y
predict,103,Y_F,5.0,feet,color,Y,F,7.25,-2.25,2.25,Y,F,Y
predict,103,G_C,2.0,feet,color,Y,F,2.25,-0.25,0.25,G,C,G
predict,103,G_F,8.0,feet,color,Y,F,7.0,1.0,1.0,G,F,G
predict,195,Y_F,3.0,feet,color,G,F,5.5,-2.5,2.5,Y,F,Y
predict,195,G_C,6.0,feet,color,G,F,4.25,1.75,1.75,G,C,G
predict,195,Y_C,4.0,feet,color,G,F,3.5,0.5,0.5,Y,C,Y
predict,195,G_F,7.0,feet,color,G,F,9.0,-2.0,2.0,G,F,G
predict,95,Y_C,7.0,feet,color,Y,F,4.25,2.75,2.75,Y,C,Y
predict,95,G_F,7.0,feet,color,Y,F,6.5,0.5,0.5,G,F,G
predict,95,G_C,4.0,feet,color,Y,F,3.0,1.0,1.0,G,C,G
predict,95,Y_F,5.0,feet,color,Y,F,7.0,-2.0,2.0,Y,F,Y
predict,117,Y_C,6.0,feet,color,Y,C,8.0,-2.0,2.0,Y,C,Y
predict,117,G_F,3.0,feet,color,Y,C,2.5,0.5,0.5,G,F,G
predict,117,Y_F,3.0,feet,color,Y,C,3.75,-0.75,0.75,Y,F,Y
predict,117,G_C,7.0,feet,color,Y,C,7.0,0.0,0.0,G,C,G
predict,35,Y_C,7.0,feet,color,Y,F,4.75,2.25,2.25,Y,C,Y
predict,35,G_F,5.0,feet,color,Y,F,6.75,-1.75,1.75,G,F,G
predict,35,Y_F,8.0,feet,color,Y,F,7.75,0.25,0.25,Y,F,Y
predict,35,G_C,7.0,feet,color,Y,F,4.25,2.75,2.75,G,C,G
predict,21,G_F,5.0,feet,color,G,C,4.0,1.0,1.0,G,F,G
predict,21,Y_C,6.0,feet,color,G,C,7.0,-1.0,1.0,Y,C,Y
predict,21,Y_F,4.0,feet,color,G,C,3.75,0.25,0.25,Y,F,Y
predict,21,G_C,7.0,feet,color,G,C,7.75,-0.75,0.75,G,C,G
predict,63,G_C,2.0,feet,color,G,F,4.25,-2.25,2.25,G,C,G
predict,63,Y_F,7.0,feet,color,G,F,6.25,0.75,0.75,Y,F,Y
predict,63,G_F,4.0,feet,color,G,F,7.25,-3.25,3.25,G,F,G
predict,63,Y_C,6.0,feet,color,G,F,4.25,1.75,1.75,Y,C,Y
predict,4,G_F,5.0,color,feet,Y,F,5.5,-0.5,0.5,G,F,G
predict,4,Y_C,8.0,color,feet,Y,F,7.0,1.0,1.0,Y,C,Y
predict,4,G_C,5.0,color,feet,Y,F,3.75,1.25,1.25,G,C,G
predict,4,Y_F,7.0,color,feet,Y,F,7.75,-0.75,0.75,Y,F,Y
predict,6,G_C,1.0,color,feet,G,F,7.0,-6.0,6.0,G,C,G
predict,6,Y_F,5.0,color,feet,G,F,4.25,0.75,0.75,Y,F,Y
predict,6,Y_C,7.0,color,feet,G,F,3.0,4.0,4.0,Y,C,Y
predict,6,G_F,4.0,color,feet,G,F,6.75,-2.75,2.75,G,F,G
predict,154,Y_F,5.0,color,feet,G,F,3.25,1.75,1.75,Y,F,Y
predict,154,Y_C,2.0,color,feet,G,F,3.0,-1.0,1.0,Y,C,Y
predict,154,G_F,9.0,color,feet,G,F,7.0,2.0,2.0,G,F,G
predict,154,G_C,7.0,color,feet,G,F,6.25,0.75,0.75,G,C,G
predict,71,G_F,4.0,feet,color,Y,F,7.75,-3.75,3.75,G,F,G
predict,71,Y_F,8.0,feet,color,Y,F,7.75,0.25,0.25,Y,F,Y
predict,71,Y_C,5.0,feet,color,Y,F,6.0,-1.0,1.0,Y,C,Y
predict,71,G_C,8.0,feet,color,Y,F,4.0,4.0,4.0,G,C,G
predict,50,Y_F,5.0,color,feet,G,C,2.75,2.25,2.25,Y,F,Y
predict,50,Y_C,1.0,color,feet,G,C,3.5,-2.5,2.5,Y,C,Y
predict,50,G_F,9.0,color,feet,G,C,6.75,2.25,2.25,G,F,G
predict,50,G_C,6.0,color,feet,G,C,7.5,-1.5,1.5,G,C,G
predict,45,G_F,6.0,feet,color,G,C,3.5,2.5,2.5,G,F,G
predict,45,G_C,3.0,feet,color,G,C,8.75,-5.75,5.75,G,C,G
predict,45,Y_C,2.0,feet,color,G,C,6.5,-4.5,4.5,Y,C,Y
predict,45,Y_F,7.0,feet,color,G,C,1.5,5.5,5.5,Y,F,Y
predict,33,G_F,5.0,feet,color,Y,C,2.75,2.25,2.25,G,F,G
predict,33,G_C,7.0,feet,color,Y,C,6.25,0.75,0.75,G,C,G
predict,33,Y_C,7.0,feet,color,Y,C,7.5,-0.5,0.5,Y,C,Y
predict,33,Y_F,1.0,feet,color,Y,C,3.75,-2.75,2.75,Y,F,Y
predict,18,G_F,8.0,color,feet,G,F,8.25,-0.25,0.25,G,F,G
predict,18,Y_F,3.0,color,feet,G,F,4.25,-1.25,1.25,Y,F,Y
predict,18,Y_C,3.0,color,feet,G,F,3.5,-0.5,0.5,Y,C,Y
predict,18,G_C,8.0,color,feet,G,F,6.75,1.25,1.25,G,C,G
predict,57,G_F,4.0,feet,color,Y,C,3.5,0.5,0.5,G,F,G
predict,57,G_C,7.0,feet,color,Y,C,6.5,0.5,0.5,G,C,G
predict,57,Y_C,4.0,feet,color,Y,C,7.25,-3.25,3.25,Y,C,Y
predict,57,Y_F,10.0,feet,color,Y,C,5.0,5.0,5.0,Y,F,Y
predict,217,G_F,5.0,feet,color,G,C,3.25,1.75,1.75,G,F,G
predict,217,Y_F,3.0,feet,color,G,C,3.75,-0.75,0.75,Y,F,Y
predict,217,Y_C,8.0,feet,color,G,C,6.0,2.0,2.0,Y,C,Y
predict,217,G_C,9.0,feet,color,G,C,8.0,1.0,1.0,G,C,G
predict,214,Y_C,2.0,color,feet,G,F,3.5,-1.5,1.5,Y,C,Y
predict,214,G_F,8.0,color,feet,G,F,8.5,-0.5,0.5,G,F,G
predict,214,G_C,9.0,color,feet,G,F,8.25,0.75,0.75,G,C,G
predict,214,Y_F,6.0,color,feet,G,F,4.5,1.5,1.5,Y,F,Y
predict,73,G_F,6.0,feet,color,G,C,6.0,0.0,0.0,G,F,G
predict,73,Y_F,4.0,feet,color,G,C,4.25,-0.25,0.25,Y,F,Y
predict,73,Y_C,5.0,feet,color,G,C,6.5,-1.5,1.5,Y,C,Y
predict,73,G_C,6.0,feet,color,G,C,7.5,-1.5,1.5,G,C,G
predict,10,Y_F,6.0,color,feet,G,C,2.25,3.75,3.75,Y,F,Y
predict,10,G_F,7.0,color,feet,G,C,7.75,-0.75,0.75,G,F,G
predict,10,G_C,9.0,color,feet,G,C,7.5,1.5,1.5,G,C,G
predict,10,Y_C,2.0,color,feet,G,C,6.0,-4.0,4.0,Y,C,Y
predict,159,G_F,4.0,feet,color,Y,F,7.0,-3.0,3.0,G,F,G
predict,159,G_C,7.0,feet,color,Y,F,3.75,3.25,3.25,G,C,G
predict,159,Y_F,8.0,feet,color,Y,F,7.25,0.75,0.75,Y,F,Y
predict,159,Y_C,6.0,feet,color,Y,F,4.75,1.25,1.25,Y,C,Y
predict,78,G_F,5.0,color,feet,G,F,8.25,-3.25,3.25,G,F,G
predict,78,Y_C,7.0,color,feet,G,F,2.5,4.5,4.5,Y,C,Y
predict,78,G_C,8.0,color,feet,G,F,6.5,1.5,1.5,G,C,G
predict,78,Y_F,5.0,color,feet,G,F,4.0,1.0,1.0,Y,F,Y
predict,15,Y_C,2.0,feet,color,Y,F,4.0,-2.0,2.0,Y,C,Y
predict,15,G_F,8.0,feet,color,Y,F,7.25,0.75,0.75,G,F,G
predict,15,G_C,2.0,feet,color,Y,F,2.5,-0.5,0.5,G,C,G
predict,15,Y_F,9.0,feet,color,Y,F,8.25,0.75,0.75,Y,F,Y
predict,59,G_C,7.0,feet,color,G,F,5.0,2.0,2.0,G,C,G
predict,59,Y_F,4.0,feet,color,G,F,6.75,-2.75,2.75,Y,F,Y
predict,59,Y_C,5.0,feet,color,G,F,4.25,0.75,0.75,Y,C,Y
predict,59,G_F,8.0,feet,color,G,F,7.75,0.25,0.25,G,F,G
predict,139,G_C,8.0,feet,color,Y,F,2.75,5.25,5.25,G,C,G
predict,139,Y_F,8.0,feet,color,Y,F,7.75,0.25,0.25,Y,F,Y
predict,139,G_F,3.0,feet,color,Y,F,7.25,-4.25,4.25,G,F,G
predict,139,Y_C,1.0,feet,color,Y,F,4.5,-3.5,3.5,Y,C,Y
predict,172,G_F,2.0,color,feet,Y,F,3.75,-1.75,1.75,G,F,G
predict,172,Y_C,3.0,color,feet,Y,F,6.5,-3.5,3.5,Y,C,Y
predict,172,G_C,3.0,color,feet,Y,F,2.25,0.75,0.75,G,C,G
predict,172,Y_F,9.0,color,feet,Y,F,8.5,0.5,0.5,Y,F,Y
predict,191,Y_C,5.0,feet,color,G,F,3.25,1.75,1.75,Y,C,Y
predict,191,G_F,7.0,feet,color,G,F,6.5,0.5,0.5,G,F,G
predict,191,G_C,9.0,feet,color,G,F,5.5,3.5,3.5,G,C,G
predict,191,Y_F,4.0,feet,color,G,F,6.75,-2.75,2.75,Y,F,Y
predict,138,Y_F,2.0,color,feet,G,F,2.75,-0.75,0.75,Y,F,Y
predict,138,G_F,6.0,color,feet,G,F,6.5,-0.5,0.5,G,F,G
predict,138,G_C,9.0,color,feet,G,F,6.75,2.25,2.25,G,C,G
predict,138,Y_C,5.0,color,feet,G,F,1.25,3.75,3.75,Y,C,Y
predict,96,G_F,3.0,color,feet,Y,C,2.25,0.75,0.75,G,F,G
predict,96,Y_C,7.0,color,feet,Y,C,6.25,0.75,0.75,Y,C,Y
predict,96,G_C,8.0,color,feet,Y,C,4.5,3.5,3.5,G,C,G
predict,96,Y_F,5.0,color,feet,Y,C,5.25,-0.25,0.25,Y,F,Y
predict,122,G_F,7.0,color,feet,G,C,7.75,-0.75,0.75,G,F,G
predict,122,G_C,8.0,color,feet,G,C,7.75,0.25,0.25,G,C,G
predict,122,Y_C,3.0,color,feet,G,C,3.25,-0.25,0.25,Y,C,Y
predict,122,Y_F,1.0,color,feet,G,C,1.75,-0.75,0.75,Y,F,Y
predict,56,Y_F,6.0,color,feet,Y,F,7.25,-1.25,1.25,Y,F,Y
predict,56,G_C,4.0,color,feet,Y,F,3.5,0.5,0.5,G,C,G
predict,56,G_F,2.0,color,feet,Y,F,5.0,-3.0,3.0,G,F,G
predict,56,Y_C,9.0,color,feet,Y,F,7.0,2.0,2.0,Y,C,Y
predict,43,Y_C,4.0,feet,color,G,F,3.75,0.25,0.25,Y,C,Y
predict,43,G_C,8.0,feet,color,G,F,4.75,3.25,3.25,G,C,G
predict,43,G_F,9.0,feet,color,G,F,6.75,2.25,2.25,G,F,G
predict,43,Y_F,5.0,feet,color,G,F,5.75,-0.75,0.75,Y,F,Y
predict,36,G_F,3.0,color,feet,Y,C,3.25,-0.25,0.25,G,F,G
predict,36,Y_C,8.0,color,feet,Y,C,8.5,-0.5,0.5,Y,C,Y
predict,36,Y_F,9.0,color,feet,Y,C,7.25,1.75,1.75,Y,F,Y
predict,36,G_C,4.0,color,feet,Y,C,4.0,0.0,0.0,G,C,G
predict,13,Y_C,10.0,feet,color,Y,C,9.5,0.5,0.5,Y,C,Y
predict,13,Y_F,6.0,feet,color,Y,C,5.0,1.0,1.0,Y,F,Y
predict,13,G_F,2.0,feet,color,Y,C,4.25,-2.25,2.25,G,F,G
predict,13,G_C,8.0,feet,color,Y,C,8.25,-0.25,0.25,G,C,G
predict,168,Y_C,9.0,color,feet,Y,C,8.75,0.25,0.25,Y,C,Y
predict,168,G_C,2.0,color,feet,Y,C,2.75,-0.75,0.75,G,C,G
predict,168,Y_F,10.0,color,feet,Y,C,7.25,2.75,2.75,Y,F,Y
predict,168,G_F,2.0,color,feet,Y,C,3.25,-1.25,1.25,G,F,G
predict,89,Y_F,3.0,feet,color,G,C,2.0,1.0,1.0,Y,F,Y
predict,89,G_F,3.0,feet,color,G,C,3.5,-0.5,0.5,G,F,G
predict,89,G_C,9.0,feet,color,G,C,8.25,0.75,0.75,G,C,G
predict,89,Y_C,6.0,feet,color,G,C,7.5,-1.5,1.5,Y,C,Y
predict,213,Y_F,3.0,feet,color,G,C,3.25,-0.25,0.25,Y,F,Y
predict,213,Y_C,7.0,feet,color,G,C,7.5,-0.5,0.5,Y,C,Y
predict,213,G_C,2.0,feet,color,G,C,8.0,-6.0,6.0,G,C,G
predict,213,G_F,7.0,feet,color,G,C,3.75,3.25,3.25,G,F,G
predict,3,Y_F,6.0,feet,color,G,F,5.75,0.25,0.25,Y,F,Y
predict,3,G_F,9.0,feet,color,G,F,8.0,1.0,1.0,G,F,G
predict,3,Y_C,2.0,feet,color,G,F,3.5,-1.5,1.5,Y,C,Y
predict,3,G_C,1.0,feet,color,G,F,2.25,-1.25,1.25,G,C,G
predict,19,G_C,6.0,feet,color,G,F,4.25,1.75,1.75,G,C,G
predict,19,Y_C,8.0,feet,color,G,F,2.0,6.0,6.0,Y,C,Y
predict,19,G_F,9.0,feet,color,G,F,7.75,1.25,1.25,G,F,G
predict,19,Y_F,5.0,feet,color,G,F,6.75,-1.75,1.75,Y,F,Y
predict,169,Y_F,7.0,feet,color,G,C,4.75,2.25,2.25,Y,F,Y
predict,169,G_C,6.0,feet,color,G,C,9.0,-3.0,3.0,G,C,G
predict,169,G_F,10.0,feet,color,G,C,5.0,5.0,5.0,G,F,G
predict,169,Y_C,6.0,feet,color,G,C,6.5,-0.5,0.5,Y,C,Y
predict,193,Y_C,4.0,feet,color,G,C,6.75,-2.75,2.75,Y,C,Y
predict,193,G_C,6.0,feet,color,G,C,7.75,-1.75,1.75,G,C,G
predict,193,Y_F,4.0,feet,color,G,C,4.0,0.0,0.0,Y,F,Y
predict,193,G_F,6.0,feet,color,G,C,5.75,0.25,0.25,G,F,G
predict,115,G_C,7.0,feet,color,G,F,3.5,3.5,3.5,G,C,G
predict,115,Y_F,3.0,feet,color,G,F,5.5,-2.5,2.5,Y,F,Y
predict,115,Y_C,8.0,feet,color,G,F,3.5,4.5,4.5,Y,C,Y
predict,115,G_F,2.0,feet,color,G,F,8.0,-6.0,6.0,G,F,G
predict,182,G_C,8.0,color,feet,G,C,9.25,-1.25,1.25,G,C,G
predict,182,Y_F,3.0,color,feet,G,C,3.25,-0.25,0.25,Y,F,Y
predict,182,Y_C,3.0,color,feet,G,C,3.0,0.0,0.0,Y,C,Y
predict,182,G_F,8.0,color,feet,G,C,7.75,0.25,0.25,G,F,G
predict,207,G_C,3.0,feet,color,G,F,3.75,-0.75,0.75,G,C,G
predict,207,Y_F,5.0,feet,color,G,F,5.0,0.0,0.0,Y,F,Y
predict,207,G_F,8.0,feet,color,G,F,7.0,1.0,1.0,G,F,G
predict,207,Y_C,3.0,feet,color,G,F,4.0,-1.0,1.0,Y,C,Y
predict,106,G_C,5.0,color,feet,G,C,7.0,-2.0,2.0,G,C,G
predict,106,Y_C,4.0,color,feet,G,C,5.5,-1.5,1.5,Y,C,Y
predict,106,G_F,7.0,color,feet,G,C,7.25,-0.25,0.25,G,F,G
predict,106,Y_F,6.0,color,feet,G,C,3.5,2.5,2.5,Y,F,Y
predict,60,Y_C,10.0,color,feet,Y,C,7.5,2.5,2.5,Y,C,Y
predict,60,G_F,3.0,color,feet,Y,C,2.75,0.25,0.25,G,F,G
predict,60,G_C,4.0,color,feet,Y,C,4.25,-0.25,0.25,G,C,G
predict,60,Y_F,8.0,color,feet,Y,C,8.0,0.0,0.0,Y,F,Y
predict,123,Y_C,2.0,feet,color,Y,F,4.0,-2.0,2.0,Y,C,Y
predict,123,G_F,9.0,feet,color,Y,F,7.25,1.75,1.75,G,F,G
predict,123,Y_F,8.0,feet,color,Y,F,8.25,-0.25,0.25,Y,F,Y
predict,123,G_C,3.0,feet,color,Y,F,3.75,-0.75,0.75,G,C,G
predict,150,G_C,7.0,color,feet,G,C,8.5,-1.5,1.5,G,C,G
predict,150,Y_F,3.0,color,feet,G,C,3.5,-0.5,0.5,Y,F,Y
predict,150,G_F,9.0,color,feet,G,C,7.5,1.5,1.5,G,F,G
predict,150,Y_C,4.0,color,feet,G,C,3.75,0.25,0.25,Y,C,Y
predict,64,G_F,6.0,color,feet,Y,F,4.75,1.25,1.25,G,F,G
predict,64,Y_F,9.0,color,feet,Y,F,8.0,1.0,1.0,Y,F,Y
predict,64,G_C,4.0,color,feet,Y,F,3.5,0.5,0.5,G,C,G
predict,64,Y_C,5.0,color,feet,Y,F,6.25,-1.25,1.25,Y,C,Y
predict,179,G_F,8.0,feet,color,Y,F,6.5,1.5,1.5,G,F,G
predict,179,G_C,4.0,feet,color,Y,F,4.0,0.0,0.0,G,C,G
predict,179,Y_C,5.0,feet,color,Y,F,3.5,1.5,1.5,Y,C,Y
predict,179,Y_F,9.0,feet,color,Y,F,9.0,0.0,0.0,Y,F,Y
predict,211,G_F,7.0,feet,color,G,F,6.75,0.25,0.25,G,F,G
predict,211,Y_F,3.0,feet,color,G,F,5.5,-2.5,2.5,Y,F,Y
predict,211,G_C,3.0,feet,color,G,F,4.0,-1.0,1.0,G,C,G
predict,211,Y_C,8.0,feet,color,G,F,4.25,3.75,3.75,Y,C,Y
predict,210,Y_F,8.0,color,feet,G,F,5.25,2.75,2.75,Y,F,Y
predict,210,G_F,7.0,color,feet,G,F,8.75,-1.75,1.75,G,F,G
predict,210,G_C,10.0,color,feet,G,F,7.75,2.25,2.25,G,C,G
predict,210,Y_C,4.0,color,feet,G,F,1.75,2.25,2.25,Y,C,Y
predict,153,Y_F,2.0,feet,color,G,C,3.75,-1.75,1.75,Y,F,Y
predict,153,Y_C,7.0,feet,color,G,C,7.25,-0.25,0.25,Y,C,Y
predict,153,G_F,9.0,feet,color,G,C,3.5,5.5,5.5,G,F,G
predict,153,G_C,3.0,feet,color,G,C,8.75,-5.75,5.75,G,C,G
predict,201,G_F,6.0,feet,color,Y,C,3.5,2.5,2.5,G,F,G
predict,201,Y_C,6.0,feet,color,Y,C,6.25,-0.25,0.25,Y,C,Y
predict,201,Y_F,7.0,feet,color,Y,C,6.0,1.0,1.0,Y,F,Y
predict,201,G_C,4.0,feet,color,Y,C,6.25,-2.25,2.25,G,C,G
predict,148,Y_C,5.0,color,feet,Y,F,6.25,-1.25,1.25,Y,C,Y
predict,148,Y_F,7.0,color,feet,Y,F,7.5,-0.5,0.5,Y,F,Y
predict,148,G_F,4.0,color,feet,Y,F,3.75,0.25,0.25,G,F,G
predict,148,G_C,2.0,color,feet,Y,F,3.5,-1.5,1.5,G,C,G
predict,98,G_C,9.0,color,feet,G,C,7.5,1.5,1.5,G,C,G
predict,98,G_F,5.0,color,feet,G,C,4.0,1.0,1.0,G,F,G
predict,98,Y_F,4.0,color,feet,G,C,3.5,0.5,0.5,Y,F,Y
predict,98,Y_C,2.0,color,feet,G,C,3.75,-1.75,1.75,Y,C,Y
predict,83,Y_C,5.0,feet,color,G,F,2.0,3.0,3.0,Y,C,Y
predict,83,Y_F,7.0,feet,color,G,F,7.0,0.0,0.0,Y,F,Y
predict,83,G_F,10.0,feet,color,G,F,8.0,2.0,2.0,G,F,G
predict,83,G_C,5.0,feet,color,G,F,4.25,0.75,0.75,G,C,G
predict,166,Y_F,3.0,color,feet,G,F,3.75,-0.75,0.75,Y,F,Y
predict,166,G_C,9.0,color,feet,G,F,7.0,2.0,2.0,G,C,G
predict,166,G_F,7.0,color,feet,G,F,7.5,-0.5,0.5,G,F,G
predict,166,Y_C,2.0,color,feet,G,F,2.0,0.0,0.0,Y,C,Y
predict,173,Y_F,2.0,feet,color,G,C,3.25,-1.25,1.25,Y,F,Y
predict,173,Y_C,8.0,feet,color,G,C,6.5,1.5,1.5,Y,C,Y
predict,173,G_C,8.0,feet,color,G,C,8.75,-0.75,0.75,G,C,G
predict,173,G_F,3.0,feet,color,G,C,2.75,0.25,0.25,G,F,G
predict,144,Y_C,8.0,color,feet,Y,F,7.5,0.5,0.5,Y,C,Y
predict,144,G_C,2.0,color,feet,Y,F,3.0,-1.0,1.0,G,C,G
predict,144,G_F,3.0,color,feet,Y,F,4.0,-1.0,1.0,G,F,G
predict,144,Y_F,7.0,color,feet,Y,F,8.25,-1.25,1.25,Y,F,Y
predict,205,Y_F,2.0,feet,color,G,C,3.25,-1.25,1.25,Y,F,Y
predict,205,Y_C,8.0,feet,color,G,C,6.75,1.25,1.25,Y,C,Y
predict,205,G_F,4.0,feet,color,G,C,3.0,1.0,1.0,G,F,G
predict,205,G_C,10.0,feet,color,G,C,8.5,1.5,1.5,G,C,G
predict,202,G_F,6.0,color,feet,G,C,6.25,-0.25,0.25,G,F,G
predict,202,G_C,5.0,color,feet,G,C,6.25,-1.25,1.25,G,C,G
predict,202,Y_C,4.0,color,feet,G,C,4.0,0.0,0.0,Y,C,Y
predict,202,Y_F,7.0,color,feet,G,C,1.75,5.25,5.25,Y,F,Y
predict,163,Y_F,2.0,feet,color,G,F,6.25,-4.25,4.25,Y,F,Y
predict,163,G_F,7.0,feet,color,G,F,6.25,0.75,0.75,G,F,G
predict,163,G_C,4.0,feet,color,G,F,4.75,-0.75,0.75,G,C,G
predict,163,Y_C,8.0,feet,color,G,F,2.75,5.25,5.25,Y,C,Y
predict,104,Y_C,8.0,color,feet,Y,C,7.75,0.25,0.25,Y,C,Y
predict,104,G_C,4.0,color,feet,Y,C,3.25,0.75,0.75,G,C,G
predict,104,G_F,1.0,color,feet,Y,C,3.25,-2.25,2.25,G,F,G
predict,104,Y_F,6.0,color,feet,Y,C,6.25,-0.25,0.25,Y,F,Y
predict,2,G_F,8.0,color,feet,G,F,7.5,0.5,0.5,G,F,G
predict,2,Y_C,3.0,color,feet,G,F,3.0,0.0,0.0,Y,C,Y
predict,2,Y_F,5.0,color,feet,G,F,3.5,1.5,1.5,Y,F,Y
predict,2,G_C,7.0,color,feet,G,F,6.75,0.25,0.25,G,C,G
predict,212,Y_C,7.0,color,feet,Y,F,5.75,1.25,1.25,Y,C,Y
predict,212,Y_F,7.0,color,feet,Y,F,8.25,-1.25,1.25,Y,F,Y
predict,212,G_F,6.0,color,feet,Y,F,4.5,1.5,1.5,G,F,G
predict,212,G_C,6.0,color,feet,Y,F,5.0,1.0,1.0,G,C,G
predict,49,G_C,8.0,feet,color,Y,C,6.5,1.5,1.5,G,C,G
predict,49,G_F,2.0,feet,color,Y,C,3.5,-1.5,1.5,G,F,G
predict,49,Y_F,4.0,feet,color,Y,C,3.5,0.5,0.5,Y,F,Y
predict,49,Y_C,9.0,feet,color,Y,C,8.5,0.5,0.5,Y,C,Y
predict,206,Y_C,5.0,color,feet,G,F,3.5,1.5,1.5,Y,C,Y
predict,206,G_F,7.0,color,feet,G,F,9.0,-2.0,2.0,G,F,G
predict,206,G_C,5.0,color,feet,G,F,6.75,-1.75,1.75,G,C,G
predict,206,Y_F,8.0,color,feet,G,F,4.25,3.75,3.75,Y,F,Y
predict,40,Y_F,7.0,color,feet,Y,C,7.0,0.0,0.0,Y,F,Y
predict,40,Y_C,9.0,color,feet,Y,C,8.0,1.0,1.0,Y,C,Y
predict,40,G_C,5.0,color,feet,Y,C,4.75,0.25,0.25,G,C,G
predict,40,G_F,7.0,color,feet,Y,C,3.5,3.5,3.5,G,F,G
predict,42,G_F,7.0,color,feet,G,C,5.5,1.5,1.5,G,F,G
predict,42,Y_F,2.0,color,feet,G,C,2.75,-0.75,0.75,Y,F,Y
predict,42,Y_C,7.0,color,feet,G,C,1.5,5.5,5.5,Y,C,Y
predict,42,G_C,1.0,color,feet,G,C,9.0,-8.0,8.0,G,C,G
predict,167,G_C,8.0,feet,color,Y,F,3.0,5.0,5.0,G,C,G
predict,167,G_F,3.0,feet,color,Y,F,6.5,-3.5,3.5,G,F,G
predict,167,Y_F,9.0,feet,color,Y,F,7.75,1.25,1.25,Y,F,Y
predict,167,Y_C,5.0,feet,color,Y,F,3.75,1.25,1.25,Y,C,Y
predict,48,G_C,6.0,color,feet,Y,C,5.0,1.0,1.0,G,C,G
predict,48,Y_F,7.0,color,feet,Y,C,8.75,-1.75,1.75,Y,F,Y
predict,48,Y_C,9.0,color,feet,Y,C,7.5,1.5,1.5,Y,C,Y
predict,48,G_F,3.0,color,feet,Y,C,2.5,0.5,0.5,G,F,G
predict,194,Y_C,3.0,color,feet,G,F,4.0,-1.0,1.0,Y,C,Y
predict,194,G_F,7.0,color,feet,G,F,8.5,-1.5,1.5,G,F,G
predict,194,G_C,8.0,color,feet,G,F,6.5,1.5,1.5,G,C,G
predict,194,Y_F,6.0,color,feet,G,F,3.0,3.0,3.0,Y,F,Y
predict,61,Y_F,9.0,feet,color,Y,C,3.5,5.5,5.5,Y,F,Y
predict,61,G_F,8.0,feet,color,Y,C,2.75,5.25,5.25,G,F,G
predict,61,Y_C,3.0,feet,color,Y,C,8.25,-5.25,5.25,Y,C,Y
predict,61,G_C,1.0,feet,color,Y,C,6.75,-5.75,5.75,G,C,G
predict,114,Y_C,6.0,color,feet,G,F,4.5,1.5,1.5,Y,C,Y
predict,114,Y_F,3.0,color,feet,G,F,3.75,-0.75,0.75,Y,F,Y
predict,114,G_F,6.0,color,feet,G,F,8.5,-2.5,2.5,G,F,G
predict,114,G_C,8.0,color,feet,G,F,5.25,2.75,2.75,G,C,G
predict,70,G_C,9.0,color,feet,G,C,8.75,0.25,0.25,G,C,G
predict,70,G_F,9.0,color,feet,G,C,8.5,0.5,0.5,G,F,G
predict,70,Y_C,4.0,color,feet,G,C,4.0,0.0,0.0,Y,C,Y
predict,70,Y_F,4.0,color,feet,G,C,3.25,0.75,0.75,Y,F,Y
predict,160,Y_C,4.0,color,feet,Y,C,7.5,-3.5,3.5,Y,C,Y
predict,160,G_F,5.0,color,feet,Y,C,3.0,2.0,2.0,G,F,G
predict,160,Y_F,4.0,color,feet,Y,C,6.75,-2.75,2.75,Y,F,Y
predict,160,G_C,7.0,color,feet,Y,C,6.25,0.75,0.75,G,C,G
predict,51,Y_F,9.0,feet,color,Y,F,8.75,0.25,0.25,Y,F,Y
predict,51,G_C,5.0,feet,color,Y,F,3.25,1.75,1.75,G,C,G
predict,51,G_F,8.0,feet,color,Y,F,8.75,-0.75,0.75,G,F,G
predict,51,Y_C,5.0,feet,color,Y,F,4.25,0.75,0.75,Y,C,Y
predict,155,G_C,4.0,feet,color,Y,F,3.0,1.0,1.0,G,C,G
predict,155,Y_C,6.0,feet,color,Y,F,3.75,2.25,2.25,Y,C,Y
predict,155,Y_F,10.0,feet,color,Y,F,8.0,2.0,2.0,Y,F,Y
predict,155,G_F,7.0,feet,color,Y,F,7.75,-0.75,0.75,G,F,G
predict,91,G_C,5.0,feet,color,Y,F,2.5,2.5,2.5,G,C,G
predict,91,Y_C,7.0,feet,color,Y,F,4.5,2.5,2.5,Y,C,Y
predict,91,Y_F,6.0,feet,color,Y,F,7.0,-1.0,1.0,Y,F,Y
predict,91,G_F,3.0,feet,color,Y,F,6.25,-3.25,3.25,G,F,G
predict,141,G_F,1.0,feet,color,Y,C,2.75,-1.75,1.75,G,F,G
predict,141,Y_F,3.0,feet,color,Y,C,4.25,-1.25,1.25,Y,F,Y
predict,141,Y_C,9.0,feet,color,Y,C,8.5,0.5,0.5,Y,C,Y
predict,141,G_C,7.0,feet,color,Y,C,7.75,-0.75,0.75,G,C,G
predict,162,Y_F,3.0,color,feet,G,F,5.75,-2.75,2.75,Y,F,Y
predict,162,G_F,6.0,color,feet,G,F,6.75,-0.75,0.75,G,F,G
predict,162,Y_C,5.0,color,feet,G,F,3.25,1.75,1.75,Y,C,Y
predict,162,G_C,7.0,color,feet,G,F,6.0,1.0,1.0,G,C,G
predict,25,G_F,6.0,feet,color,G,C,5.0,1.0,1.0,G,F,G
predict,25,Y_F,6.0,feet,color,G,C,2.25,3.75,3.75,Y,F,Y
predict,25,Y_C,8.0,feet,color,G,C,8.0,0.0,0.0,Y,C,Y
predict,25,G_C,4.0,feet,color,G,C,7.25,-3.25,3.25,G,C,G
predict,140,G_C,6.0,color,feet,Y,C,5.0,1.0,1.0,G,C,G
predict,140,Y_C,8.0,color,feet,Y,C,7.25,0.75,0.75,Y,C,Y
predict,140,Y_F,10.0,color,feet,Y,C,7.75,2.25,2.25,Y,F,Y
predict,140,G_F,4.0,color,feet,Y,C,3.25,0.75,0.75,G,F,G
predict,203,G_C,4.0,feet,color,G,F,4.0,0.0,0.0,G,C,G
predict,203,G_F,5.0,feet,color,G,F,7.0,-2.0,2.0,G,F,G
predict,203,Y_F,7.0,feet,color,G,F,7.5,-0.5,0.5,Y,F,Y
predict,203,Y_C,2.0,feet,color,G,F,2.5,-0.5,0.5,Y,C,Y
predict,87,G_C,6.0,feet,color,Y,F,4.75,1.25,1.25,G,C,G
predict,87,G_F,3.0,feet,color,Y,F,7.0,-4.0,4.0,G,F,G
predict,87,Y_F,5.0,feet,color,Y,F,8.5,-3.5,3.5,Y,F,Y
predict,87,Y_C,7.0,feet,color,Y,F,4.5,2.5,2.5,Y,C,Y
predict,174,Y_F,3.0,color,feet,G,F,2.75,0.25,0.25,Y,F,Y
predict,174,G_F,7.0,color,feet,G,F,8.25,-1.25,1.25,G,F,G
predict,174,G_C,8.0,color,feet,G,F,6.25,1.75,1.75,G,C,G
predict,174,Y_C,4.0,color,feet,G,F,3.75,0.25,0.25,Y,C,Y
predict,171,G_C,4.0,feet,color,G,F,3.75,0.25,0.25,G,C,G
predict,171,G_F,3.0,feet,color,G,F,7.25,-4.25,4.25,G,F,G
predict,171,Y_F,4.0,feet,color,G,F,6.5,-2.5,2.5,Y,F,Y
predict,171,Y_C,8.0,feet,color,G,F,3.0,5.0,5.0,Y,C,Y
predict,54,G_F,7.0,color,feet,G,C,5.75,1.25,1.25,G,F,G
predict,54,Y_C,4.0,color,feet,G,C,4.0,0.0,0.0,Y,C,Y
predict,54,G_C,10.0,color,feet,G,C,6.5,3.5,3.5,G,C,G
predict,54,Y_F,1.0,color,feet,G,C,3.75,-2.75,2.75,Y,F,Y
predict,101,Y_C,6.0,feet,color,G,C,7.0,-1.0,1.0,Y,C,Y
predict,101,G_C,8.0,feet,color,G,C,8.75,-0.75,0.75,G,C,G
predict,101,Y_F,2.0,feet,color,G,C,3.75,-1.75,1.75,Y,F,Y
predict,101,G_F,2.0,feet,color,G,C,3.75,-1.75,1.75,G,F,G
predict,136,G_C,3.0,color,feet,Y,F,3.75,-0.75,0.75,G,C,G
predict,136,Y_C,9.0,color,feet,Y,F,7.5,1.5,1.5,Y,C,Y
predict,136,G_F,1.0,color,feet,Y,F,4.0,-3.0,3.0,G,F,G
predict,136,Y_F,8.0,color,feet,Y,F,8.5,-0.5,0.5,Y,F,Y
predict,192,G_C,4.0,color,feet,Y,F,2.75,1.25,1.25,G,C,G
predict,192,G_F,7.0,color,feet,Y,F,3.5,3.5,3.5,G,F,G
predict,192,Y_C,10.0,color,feet,Y,F,6.75,3.25,3.25,Y,C,Y
predict,192,Y_F,7.0,color,feet,Y,F,8.25,-1.25,1.25,Y,F,Y
predict,14,G_C,8.0,color,feet,G,C,8.5,-0.5,0.5,G,C,G
predict,14,Y_F,4.0,color,feet,G,C,3.0,1.0,1.0,Y,F,Y
predict,14,G_F,8.0,color,feet,G,C,7.25,0.75,0.75,G,F,G
predict,14,Y_C,3.0,color,feet,G,C,3.75,-0.75,0.75,Y,C,Y
predict,133,Y_C,10.0,feet,color,Y,C,8.5,1.5,1.5,Y,C,Y
predict,133,G_F,1.0,feet,color,Y,C,1.75,-0.75,0.75,G,F,G
predict,133,Y_F,3.0,feet,color,Y,C,3.5,-0.5,0.5,Y,F,Y
predict,133,G_C,7.0,feet,color,Y,C,7.5,-0.5,0.5,G,C,G
predict,53,Y_F,7.0,feet,color,Y,C,4.25,2.75,2.75,Y,F,Y
predict,53,G_F,3.0,feet,color,Y,C,3.5,-0.5,0.5,G,F,G
predict,53,G_C,6.0,feet,color,Y,C,6.75,-0.75,0.75,G,C,G
predict,53,Y_C,8.0,feet,color,Y,C,7.75,0.25,0.25,Y,C,Y
predict,102,Y_F,4.0,color,feet,G,F,5.0,-1.0,1.0,Y,F,Y
predict,102,G_F,7.0,color,feet,G,F,7.25,-0.25,0.25,G,F,G
predict,102,Y_C,5.0,color,feet,G,F,2.75,2.25,2.25,Y,C,Y
predict,102,G_C,8.0,color,feet,G,F,7.75,0.25,0.25,G,C,G
predict,27,G_F,5.0,feet,color,G,F,6.75,-1.75,1.75,G,F,G
predict,27,G_C,7.0,feet,color,G,F,5.5,1.5,1.5,G,C,G
predict,27,Y_F,9.0,feet,color,G,F,6.75,2.25,2.25,Y,F,Y
predict,27,Y_C,8.0,feet,color,G,F,4.5,3.5,3.5,Y,C,Y
predict,17,G_F,6.0,feet,color,G,C,5.0,1.0,1.0,G,F,G
predict,17,G_C,7.0,feet,color,G,C,6.0,1.0,1.0,G,C,G
predict,17,Y_C,5.0,feet,color,G,C,6.0,-1.0,1.0,Y,C,Y
predict,17,Y_F,6.0,feet,color,G,C,3.5,2.5,2.5,Y,F,Y
predict,47,Y_F,5.0,feet,color,G,F,7.0,-2.0,2.0,Y,F,Y
predict,47,G_C,3.0,feet,color,G,F,4.75,-1.75,1.75,G,C,G
predict,47,G_F,8.0,feet,color,G,F,8.5,-0.5,0.5,G,F,G
predict,47,Y_C,9.0,feet,color,G,F,3.25,5.75,5.75,Y,C,Y
predict,88,G_C,5.0,color,feet,Y,C,4.0,1.0,1.0,G,C,G
predict,88,Y_C,7.0,color,feet,Y,C,7.5,-0.5,0.5,Y,C,Y
predict,88,G_F,3.0,color,feet,Y,C,4.25,-1.25,1.25,G,F,G
predict,88,Y_F,5.0,color,feet,Y,C,5.75,-0.75,0.75,Y,F,Y
predict,145,G_F,2.0,feet,color,G,C,5.25,-3.25,3.25,G,F,G
predict,145,Y_F,2.0,feet,color,G,C,3.0,-1.0,1.0,Y,F,Y
predict,145,Y_C,9.0,feet,color,G,C,8.25,0.75,0.75,Y,C,Y
predict,145,G_C,9.0,feet,color,G,C,7.25,1.75,1.75,G,C,G
predict,134,Y_F,2.0,color,feet,G,F,3.0,-1.0,1.0,Y,F,Y
predict,134,G_C,9.0,color,feet,G,F,6.75,2.25,2.25,G,C,G
predict,134,Y_C,3.0,color,feet,G,F,2.25,0.75,0.75,Y,C,Y
predict,134,G_F,6.0,color,feet,G,F,7.75,-1.75,1.75,G,F,G
predict,68,Y_F,9.0,color,feet,Y,F,7.5,1.5,1.5,Y,F,Y
predict,68,G_F,7.0,color,feet,Y,F,3.25,3.75,3.75,G,F,G
predict,68,G_C,5.0,color,feet,Y,F,3.5,1.5,1.5,G,C,G
predict,68,Y_C,7.0,color,feet,Y,F,6.0,1.0,1.0,Y,C,Y
predict,66,G_C,9.0,color,feet,G,F,7.25,1.75,1.75,G,C,G
predict,66,G_F,7.0,color,feet,G,F,8.5,-1.5,1.5,G,F,G
predict,66,Y_F,2.0,color,feet,G,F,3.25,-1.25,1.25,Y,F,Y
predict,66,Y_C,3.0,color,feet,G,F,3.25,-0.25,0.25,Y,C,Y
predict,24,Y_F,7.0,color,feet,Y,C,6.0,1.0,1.0,Y,F,Y
predict,24,G_C,1.0,color,feet,Y,C,2.5,-1.5,1.5,G,C,G
predict,24,G_F,4.0,color,feet,Y,C,4.0,0.0,0.0,G,F,G
predict,24,Y_C,10.0,color,feet,Y,C,8.5,1.5,1.5,Y,C,Y
predict,177,G_C,9.0,feet,color,Y,C,8.25,0.75,0.75,G,C,G
predict,177,G_F,3.0,feet,color,Y,C,4.0,-1.0,1.0,G,F,G
predict,177,Y_F,8.0,feet,color,Y,C,4.25,3.75,3.75,Y,F,Y
predict,177,Y_C,4.0,feet,color,Y,C,9.0,-5.0,5.0,Y,C,Y
predict,135,Y_F,2.0,feet,color,G,F,6.25,-4.25,4.25,Y,F,Y
predict,135,Y_C,7.0,feet,color,G,F,3.0,4.0,4.0,Y,C,Y
predict,135,G_F,8.0,feet,color,G,F,6.0,2.0,2.0,G,F,G
predict,135,G_C,3.0,feet,color,G,F,4.5,-1.5,1.5,G,C,G
predict,29,G_F,4.0,feet,color,Y,C,3.25,0.75,0.75,G,F,G
predict,29,Y_C,5.0,feet,color,Y,C,6.75,-1.75,1.75,Y,C,Y
predict,29,Y_F,4.0,feet,color,Y,C,4.75,-0.75,0.75,Y,F,Y
predict,29,G_C,7.0,feet,color,Y,C,7.0,0.0,0.0,G,C,G
predict,146,G_C,6.0,color,feet,G,F,5.5,0.5,0.5,G,C,G
predict,146,G_F,9.0,color,feet,G,F,7.25,1.75,1.75,G,F,G
predict,146,Y_C,3.0,color,feet,G,F,2.75,0.25,0.25,Y,C,Y
predict,146,Y_F,3.0,color,feet,G,F,3.5,-0.5,0.5,Y,F,Y
predict,107,Y_F,5.0,feet,color,G,F,6.5,-1.5,1.5,Y,F,Y
predict,107,G_F,3.0,feet,color,G,F,8.5,-5.5,5.5,G,F,G
predict,107,Y_C,8.0,feet,color,G,F,3.0,5.0,5.0,Y,C,Y
predict,107,G_C,9.0,feet,color,G,F,2.75,6.25,6.25,G,C,G
predict,137,G_F,5.0,feet,color,G,C,4.0,1.0,1.0,G,F,G
predict,137,Y_C,7.0,feet,color,G,C,8.25,-1.25,1.25,Y,C,Y
predict,137,Y_F,8.0,feet,color,G,C,2.75,5.25,5.25,Y,F,Y
predict,137,G_C,4.0,feet,color,G,C,8.25,-4.25,4.25,G,C,G
predict,12,G_C,5.0,color,feet,Y,C,4.25,0.75,0.75,G,C,G
predict,12,G_F,6.0,color,feet,Y,C,2.25,3.75,3.75,G,F,G
predict,12,Y_F,3.0,color,feet,Y,C,7.5,-4.5,4.5,Y,F,Y
predict,12,Y_C,2.0,color,feet,Y,C,7.5,-5.5,5.5,Y,C,Y
predict,65,G_C,6.0,feet,color,Y,C,7.25,-1.25,1.25,G,C,G
predict,65,G_F,6.0,feet,color,Y,C,3.75,2.25,2.25,G,F,G
predict,65,Y_C,8.0,feet,color,Y,C,7.5,0.5,0.5,Y,C,Y
predict,65,Y_F,7.0,feet,color,Y,C,5.25,1.75,1.75,Y,F,Y
predict,11,G_C,7.0,feet,color,G,F,4.0,3.0,3.0,G,C,G
predict,11,G_F,3.0,feet,color,G,F,7.5,-4.5,4.5,G,F,G
predict,11,Y_F,9.0,feet,color,G,F,6.25,2.75,2.75,Y,F,Y
predict,11,Y_C,3.0,feet,color,G,F,4.25,-1.25,1.25,Y,C,Y
predict,143,Y_F,6.0,feet,color,Y,F,8.75,-2.75,2.75,Y,F,Y
predict,143,G_F,5.0,feet,color,Y,F,7.25,-2.25,2.25,G,F,G
predict,143,G_C,6.0,feet,color,Y,F,4.75,1.25,1.25,G,C,G
predict,143,Y_C,8.0,feet,color,Y,F,4.75,3.25,3.25,Y,C,Y
predict,184,G_F,2.0,color,feet,Y,F,2.5,-0.5,0.5,G,F,G
predict,184,G_C,4.0,color,feet,Y,F,2.75,1.25,1.25,G,C,G
predict,184,Y_F,7.0,color,feet,Y,F,8.25,-1.25,1.25,Y,F,Y
predict,184,Y_C,9.0,color,feet,Y,F,5.5,3.5,3.5,Y,C,Y
predict,219,Y_F,9.0,feet,color,Y,F,7.75,1.25,1.25,Y,F,Y
predict,219,G_F,8.0,feet,color,Y,F,7.0,1.0,1.0,G,F,G
predict,219,G_C,5.0,feet,color,Y,F,3.0,2.0,2.0,G,C,G
predict,219,Y_C,7.0,feet,color,Y,F,3.5,3.5,3.5,Y,C,Y
predict,175,G_C,7.0,feet,color,G,F,6.25,0.75,0.75,G,C,G
predict,175,Y_C,5.0,feet,color,G,F,3.5,1.5,1.5,Y,C,Y
predict,175,G_F,7.0,feet,color,G,F,8.0,-1.0,1.0,G,F,G
predict,175,Y_F,5.0,feet,color,G,F,8.5,-3.5,3.5,Y,F,Y
predict,86,Y_C,3.0,color,feet,G,C,4.0,-1.0,1.0,Y,C,Y
predict,86,G_C,8.0,color,feet,G,C,8.5,-0.5,0.5,G,C,G
predict,86,G_F,10.0,color,feet,G,C,7.75,2.25,2.25,G,F,G
predict,86,Y_F,6.0,color,feet,G,C,3.0,3.0,3.0,Y,F,Y
predict,85,G_F,2.0,feet,color,G,C,5.5,-3.5,3.5,G,F,G
predict,85,Y_F,2.0,feet,color,G,C,3.0,-1.0,1.0,Y,F,Y
predict,85,G_C,8.0,feet,color,G,C,7.5,0.5,0.5,G,C,G
predict,85,Y_C,8.0,feet,color,G,C,8.0,0.0,0.0,Y,C,Y
predict,129,G_C,6.0,feet,color,Y,C,7.25,-1.25,1.25,G,C,G
predict,129,Y_C,8.0,feet,color,Y,C,7.75,0.25,0.25,Y,C,Y
predict,129,G_F,6.0,feet,color,Y,C,3.25,2.75,2.75,G,F,G
predict,129,Y_F,9.0,feet,color,Y,C,5.5,3.5,3.5,Y,F,Y
predict,218,G_C,8.0,color,feet,G,C,8.75,-0.75,0.75,G,C,G
predict,218,Y_C,3.0,color,feet,G,C,3.75,-0.75,0.75,Y,C,Y
predict,218,G_F,8.0,color,feet,G,C,6.5,1.5,1.5,G,F,G
predict,218,Y_F,4.0,color,feet,G,C,2.5,1.5,1.5,Y,F,Y
predict,76,G_F,4.0,color,feet,Y,F,4.75,-0.75,0.75,G,F,G
predict,76,G_C,7.0,color,feet,Y,F,4.5,2.5,2.5,G,C,G
predict,76,Y_F,5.0,color,feet,Y,F,7.5,-2.5,2.5,Y,F,Y
predict,76,Y_C,9.0,color,feet,Y,F,6.75,2.25,2.25,Y,C,Y
predict,5,G_C,10.0,feet,color,Y,C,8.25,1.75,1.75,G,C,G
predict,5,G_F,2.0,feet,color,Y,C,2.75,-0.75,0.75,G,F,G
predict,5,Y_C,10.0,feet,color,Y,C,8.5,1.5,1.5,Y,C,Y
predict,5,Y_F,3.0,feet,color,Y,C,3.5,-0.5,0.5,Y,F,Y
predict,31,Y_C,4.0,feet,color,G,F,3.0,1.0,1.0,Y,C,Y
predict,31,Y_F,5.0,feet,color,G,F,7.5,-2.5,2.5,Y,F,Y
predict,31,G_F,6.0,feet,color,G,F,9.25,-3.25,3.25,G,F,G
predict,31,G_C,8.0,feet,color,G,F,3.25,4.75,4.75,G,C,G
predict,156,Y_F,8.0,color,feet,Y,C,7.75,0.25,0.25,Y,F,Y
predict,156,G_C,3.0,color,feet,Y,C,4.0,-1.0,1.0,G,C,G
predict,156,Y_C,7.0,color,feet,Y,C,7.5,-0.5,0.5,Y,C,Y
predict,156,G_F,2.0,color,feet,Y,C,2.0,0.0,0.0,G,F,G
predict,69,G_C,4.0,feet,color,Y,C,8.5,-4.5,4.5,G,C,G
predict,69,Y_C,8.0,feet,color,Y,C,8.75,-0.75,0.75,Y,C,Y
predict,69,Y_F,3.0,feet,color,Y,C,3.5,-0.5,0.5,Y,F,Y
predict,69,G_F,7.0,feet,color,Y,C,2.0,5.0,5.0,G,F,G
predict,183,Y_C,6.0,feet,color,Y,F,4.75,1.25,1.25,Y,C,Y
predict,183,G_F,4.0,feet,color,Y,F,5.5,-1.5,1.5,G,F,G
predict,183,Y_F,10.0,feet,color,Y,F,8.0,2.0,2.0,Y,F,Y
predict,183,G_C,3.0,feet,color,Y,F,3.25,-0.25,0.25,G,C,G
predict,108,Y_C,10.0,color,feet,Y,C,9.75,0.25,0.25,Y,C,Y
predict,108,G_F,4.0,color,feet,Y,C,3.25,0.75,0.75,G,F,G
predict,108,Y_F,8.0,color,feet,Y,C,7.5,0.5,0.5,Y,F,Y
predict,108,G_C,4.0,color,feet,Y,C,4.0,0.0,0.0,G,C,G
predict,198,Y_C,5.0,color,feet,G,F,4.0,1.0,1.0,Y,C,Y
predict,198,G_C,10.0,color,feet,G,F,7.25,2.75,2.75,G,C,G
predict,198,G_F,6.0,color,feet,G,F,8.25,-2.25,2.25,G,F,G
predict,198,Y_F,4.0,color,feet,G,F,4.5,-0.5,0.5,Y,F,Y
predict,105,Y_F,4.0,feet,color,Y,C,3.75,0.25,0.25,Y,F,Y
predict,105,Y_C,8.0,feet,color,Y,C,7.5,0.5,0.5,Y,C,Y
predict,105,G_C,8.0,feet,color,Y,C,6.5,1.5,1.5,G,C,G
predict,105,G_F,5.0,feet,color,Y,C,3.0,2.0,2.0,G,F,G
predict,74,G_F,3.0,color,feet,G,F,9.25,-6.25,6.25,G,F,G
predict,74,G_C,6.0,color,feet,G,F,6.25,-0.25,0.25,G,C,G
predict,74,Y_F,7.0,color,feet,G,F,4.0,3.0,3.0,Y,F,Y
predict,74,Y_C,1.0,color,feet,G,F,4.5,-3.5,3.5,Y,C,Y
predict,128,Y_C,4.0,color,feet,Y,F,7.5,-3.5,3.5,Y,C,Y
predict,128,G_F,3.0,color,feet,Y,F,4.5,-1.5,1.5,G,F,G
predict,128,Y_F,5.0,color,feet,Y,F,8.5,-3.5,3.5,Y,F,Y
predict,128,G_C,8.0,color,feet,Y,F,3.25,4.75,4.75,G,C,G
predict,62,G_C,7.0,color,feet,G,C,7.75,-0.75,0.75,G,C,G
predict,62,G_F,8.0,color,feet,G,C,6.5,1.5,1.5,G,F,G
predict,62,Y_F,4.0,color,feet,G,C,4.25,-0.25,0.25,Y,F,Y
predict,62,Y_C,7.0,color,feet,G,C,4.25,2.75,2.75,Y,C,Y
predict,126,G_F,9.0,color,feet,G,C,7.75,1.25,1.25,G,F,G
predict,126,Y_F,4.0,color,feet,G,C,3.25,0.75,0.75,Y,F,Y
predict,126,Y_C,3.0,color,feet,G,C,3.75,-0.75,0.75,Y,C,Y
predict,126,G_C,8.0,color,feet,G,C,9.0,-1.0,1.0,G,C,G
predict,164,G_C,4.0,color,feet,Y,C,6.25,-2.25,2.25,G,C,G
predict,164,Y_C,9.0,color,feet,Y,C,7.5,1.5,1.5,Y,C,Y
predict,164,Y_F,9.0,color,feet,Y,C,8.75,0.25,0.25,Y,F,Y
predict,164,G_F,4.0,color,feet,Y,C,3.5,0.5,0.5,G,F,G
predict,185,Y_F,2.0,feet,color,G,C,1.5,0.5,0.5,Y,F,Y
predict,185,Y_C,9.0,feet,color,G,C,8.5,0.5,0.5,Y,C,Y
predict,185,G_C,7.0,feet,color,G,C,7.25,-0.25,0.25,G,C,G
predict,185,G_F,4.0,feet,color,G,C,5.25,-1.25,1.25,G,F,G
predict,100,G_F,3.0,color,feet,Y,F,3.5,-0.5,0.5,G,F,G
predict,100,G_C,4.0,color,feet,Y,F,2.5,1.5,1.5,G,C,G
predict,100,Y_C,7.0,color,feet,Y,F,5.25,1.75,1.75,Y,C,Y
predict,100,Y_F,6.0,color,feet,Y,F,8.75,-2.75,2.75,Y,F,Y
predict,151,Y_F,8.0,feet,color,G,F,7.0,1.0,1.0,Y,F,Y
predict,151,G_C,10.0,feet,color,G,F,5.75,4.25,4.25,G,C,G
predict,151,Y_C,6.0,feet,color,G,F,3.25,2.75,2.75,Y,C,Y
predict,151,G_F,4.0,feet,color,G,F,6.75,-2.75,2.75,G,F,G
predict,186,Y_F,2.0,color,feet,G,F,3.25,-1.25,1.25,Y,F,Y
predict,186,G_C,8.0,color,feet,G,F,5.5,2.5,2.5,G,C,G
predict,186,Y_C,4.0,color,feet,G,F,2.0,2.0,2.0,Y,C,Y
predict,186,G_F,7.0,color,feet,G,F,8.0,-1.0,1.0,G,F,G
predict,165,G_C,6.0,feet,color,Y,C,6.0,0.0,0.0,G,C,G
predict,165,Y_F,9.0,feet,color,Y,C,3.75,5.25,5.25,Y,F,Y
predict,165,G_F,9.0,feet,color,Y,C,3.0,6.0,6.0,G,F,G
predict,165,Y_C,4.0,feet,color,Y,C,8.0,-4.0,4.0,Y,C,Y
predict,215,Y_C,2.0,feet,color,G,F,4.25,-2.25,2.25,Y,C,Y
predict,215,G_C,8.0,feet,color,G,F,5.25,2.75,2.75,G,C,G
predict,215,G_F,9.0,feet,color,G,F,7.75,1.25,1.25,G,F,G
predict,215,Y_F,6.0,feet,color,G,F,6.75,-0.75,0.75,Y,F,Y
predict,111,G_C,3.0,feet,color,Y,F,1.25,1.75,1.75,G,C,G
predict,111,Y_C,4.0,feet,color,Y,F,3.75,0.25,0.25,Y,C,Y
predict,111,Y_F,7.0,feet,color,Y,F,8.0,-1.0,1.0,Y,F,Y
predict,111,G_F,8.0,feet,color,Y,F,7.5,0.5,0.5,G,F,G
predict,132,Y_C,8.0,color,feet,Y,C,7.25,0.75,0.75,Y,C,Y
predict,132,G_C,5.0,color,feet,Y,C,4.25,0.75,0.75,G,C,G
predict,132,G_F,3.0,color,feet,Y,C,3.25,-0.25,0.25,G,F,G
predict,132,Y_F,6.0,color,feet,Y,C,7.0,-1.0,1.0,Y,F,Y
predict,188,G_F,2.0,color,feet,Y,C,3.75,-1.75,1.75,G,F,G
predict,188,Y_F,9.0,color,feet,Y,C,5.5,3.5,3.5,Y,F,Y
predict,188,Y_C,5.0,color,feet,Y,C,9.0,-4.0,4.0,Y,C,Y
predict,188,G_C,4.0,color,feet,Y,C,2.75,1.25,1.25,G,C,G
predict,26,Y_C,4.0,color,feet,G,F,3.25,0.75,0.75,Y,C,Y
predict,26,Y_F,5.0,color,feet,G,F,3.5,1.5,1.5,Y,F,Y
predict,26,G_F,9.0,color,feet,G,F,8.75,0.25,0.25,G,F,G
predict,26,G_C,8.0,color,feet,G,F,6.5,1.5,1.5,G,C,G
predict,58,G_C,3.0,color,feet,G,F,4.5,-1.5,1.5,G,C,G
predict,58,Y_C,4.0,color,feet,G,F,2.75,1.25,1.25,Y,C,Y
predict,58,G_F,8.0,color,feet,G,F,7.75,0.25,0.25,G,F,G
predict,58,Y_F,6.0,color,feet,G,F,5.5,0.5,0.5,Y,F,Y
predict,32,Y_C,9.0,color,feet,Y,F,6.5,2.5,2.5,Y,C,Y
predict,32,G_C,5.0,color,feet,Y,F,3.5,1.5,1.5,G,C,G
predict,32,Y_F,10.0,color,feet,Y,F,8.5,1.5,1.5,Y,F,Y
predict,32,G_F,8.0,color,feet,Y,F,4.25,3.75,3.75,G,F,G
predict,209,Y_F,5.0,feet,color,Y,C,3.5,1.5,1.5,Y,F,Y
predict,209,G_C,3.0,feet,color,Y,C,6.5,-3.5,3.5,G,C,G
predict,209,G_F,7.0,feet,color,Y,C,3.75,3.25,3.25,G,F,G
predict,209,Y_C,8.0,feet,color,Y,C,8.0,0.0,0.0,Y,C,Y
predict,157,Y_F,5.0,feet,color,Y,C,2.75,2.25,2.25,Y,F,Y
predict,157,G_F,3.0,feet,color,Y,C,2.5,0.5,0.5,G,F,G
predict,157,G_C,9.0,feet,color,Y,C,6.0,3.0,3.0,G,C,G
predict,157,Y_C,6.0,feet,color,Y,C,8.5,-2.5,2.5,Y,C,Y
predict,7,G_F,9.0,feet,color,G,F,7.5,1.5,1.5,G,F,G
predict,7,Y_F,8.0,feet,color,G,F,6.5,1.5,1.5,Y,F,Y
predict,7,G_C,5.0,feet,color,G,F,4.0,1.0,1.0,G,C,G
predict,7,Y_C,5.0,feet,color,G,F,3.75,1.25,1.25,Y,C,Y
predict,158,G_F,8.0,color,feet,G,F,7.5,0.5,0.5,G,F,G
predict,158,Y_C,1.0,color,feet,G,F,1.25,-0.25,0.25,Y,C,Y
predict,158,G_C,6.0,color,feet,G,F,6.5,-0.5,0.5,G,C,G
predict,158,Y_F,4.0,color,feet,G,F,4.75,-0.75,0.75,Y,F,Y
predict,81,G_F,5.0,feet,color,Y,C,3.5,1.5,1.5,G,F,G
predict,81,Y_F,4.0,feet,color,Y,C,3.5,0.5,0.5,Y,F,Y
predict,81,Y_C,8.0,feet,color,Y,C,8.25,-0.25,0.25,Y,C,Y
predict,81,G_C,7.0,feet,color,Y,C,7.0,0.0,0.0,G,C,G
predict,116,G_C,3.0,color,feet,Y,F,3.5,-0.5,0.5,G,C,G
predict,116,G_F,4.0,color,feet,Y,F,3.75,0.25,0.25,G,F,G
predict,116,Y_F,9.0,color,feet,Y,F,9.0,0.0,0.0,Y,F,Y
predict,116,Y_C,8.0,color,feet,Y,F,7.0,1.0,1.0,Y,C,Y
predict,131,G_C,2.0,feet,color,Y,F,3.0,-1.0,1.0,G,C,G
predict,131,Y_F,2.0,feet,color,Y,F,7.5,-5.5,5.5,Y,F,Y
predict,131,G_F,7.0,feet,color,Y,F,6.5,0.5,0.5,G,F,G
predict,131,Y_C,7.0,feet,color,Y,F,3.75,3.25,3.25,Y,C,Y
predict,94,Y_C,3.0,color,feet,G,C,4.0,-1.0,1.0,Y,C,Y
predict,94,Y_F,5.0,color,feet,G,C,4.5,0.5,0.5,Y,F,Y
predict,94,G_F,7.0,color,feet,G,C,7.5,-0.5,0.5,G,F,G
predict,94,G_C,10.0,color,feet,G,C,9.0,1.0,1.0,G,C,G
predict,97,Y_C,6.0,feet,color,Y,C,8.75,-2.75,2.75,Y,C,Y
predict,97,G_F,7.0,feet,color,Y,C,4.25,2.75,2.75,G,F,G
predict,97,G_C,4.0,feet,color,Y,C,6.75,-2.75,2.75,G,C,G
predict,97,Y_F,6.0,feet,color,Y,C,3.75,2.25,2.25,Y,F,Y
predict,82,G_C,9.0,color,feet,G,C,8.75,0.25,0.25,G,C,G
predict,82,Y_C,2.0,color,feet,G,C,2.25,-0.25,0.25,Y,C,Y
predict,82,Y_F,4.0,color,feet,G,C,2.5,1.5,1.5,Y,F,Y
predict,82,G_F,7.0,color,feet,G,C,7.25,-0.25,0.25,G,F,G
predict,187,Y_C,4.0,feet,color,Y,F,4.75,-0.75,0.75,Y,C,Y
predict,187,Y_F,8.0,feet,color,Y,F,8.25,-0.25,0.25,Y,F,Y
predict,187,G_C,6.0,feet,color,Y,F,3.25,2.75,2.75,G,C,G
predict,187,G_F,9.0,feet,color,Y,F,7.5,1.5,1.5,G,F,G
predict,220,Y_F,8.0,color,feet,Y,F,8.75,-0.75,0.75,Y,F,Y
predict,220,G_C,4.0,color,feet,Y,F,2.0,2.0,2.0,G,C,G
predict,220,Y_C,5.0,color,feet,Y,F,8.0,-3.0,3.0,Y,C,Y
predict,220,G_F,3.0,color,feet,Y,F,4.75,-1.75,1.75,G,F,G
predict,208,G_F,9.0,color,feet,Y,C,4.5,4.5,4.5,G,F,G
predict,208,G_C,7.0,color,feet,Y,C,4.25,2.75,2.75,G,C,G
predict,208,Y_C,2.0,color,feet,Y,C,7.5,-5.5,5.5,Y,C,Y
predict,208,Y_F,2.0,color,feet,Y,C,5.5,-3.5,3.5,Y,F,Y
predict,112,G_F,3.0,color,feet,Y,C,3.0,0.0,0.0,G,F,G
predict,112,Y_C,8.0,color,feet,Y,C,7.0,1.0,1.0,Y,C,Y
predict,112,G_C,1.0,color,feet,Y,C,4.25,-3.25,3.25,G,C,G
predict,112,Y_F,6.0,color,feet,Y,C,6.75,-0.75,0.75,Y,F,Y
predict,52,G_C,2.0,color,feet,Y,C,3.75,-1.75,1.75,G,C,G
predict,52,Y_F,8.0,color,feet,Y,C,7.0,1.0,1.0,Y,F,Y
predict,52,G_F,4.0,color,feet,Y,C,2.25,1.75,1.75,G,F,G
predict,52,Y_C,6.0,color,feet,Y,C,7.0,-1.0,1.0,Y,C,Y
predict,147,G_F,7.0,feet,color,Y,F,7.25,-0.25,0.25,G,F,G
predict,147,Y_C,2.0,feet,color,Y,F,4.25,-2.25,2.25,Y,C,Y
predict,147,G_C,4.0,feet,color,Y,F,2.5,1.5,1.5,G,C,G
predict,147,Y_F,9.0,feet,color,Y,F,6.75,2.25,2.25,Y,F,Y
predict,9,G_C,8.0,feet,color,Y,C,7.0,1.0,1.0,G,C,G
predict,9,Y_C,7.0,feet,color,Y,C,7.25,-0.25,0.25,Y,C,Y
predict,9,G_F,1.0,feet,color,Y,C,2.0,-1.0,1.0,G,F,G
predict,9,Y_F,2.0,feet,color,Y,C,2.75,-0.75,0.75,Y,F,Y
predict,204,Y_C,8.0,color,feet,Y,C,8.5,-0.5,0.5,Y,C,Y
predict,204,Y_F,9.0,color,feet,Y,C,7.75,1.25,1.25,Y,F,Y
predict,204,G_C,4.0,color,feet,Y,C,3.25,0.75,0.75,G,C,G
predict,204,G_F,2.0,color,feet,Y,C,1.75,0.25,0.25,G,F,G
predict,120,G_F,4.0,color,feet,Y,F,4.25,-0.25,0.25,G,F,G
predict,120,G_C,2.0,color,feet,Y,F,2.75,-0.75,0.75,G,C,G
predict,120,Y_C,7.0,color,feet,Y,F,6.5,0.5,0.5,Y,C,Y
predict,120,Y_F,8.0,color,feet,Y,F,7.75,0.25,0.25,Y,F,Y
